"Top 5 values of Network.keyword";"Top 50 posts";Date;Message;Parlamentar;Cargo;Bloco;Partido;"Engajamento total";"Shorts: Views(YT)";"Views (YT/TK)"
INSTAGRAM;"https://www.instagram.com/reel/DJVGbeTx7Yg/";"2025-05-06 20:04:39.000";"O maior escândalo da história do Brasil - veja até o final.";"Nikolas Ferreira";deputado;"Oposição";PL;5768012;null;0
INSTAGRAM;"https://www.instagram.com/reel/DJ5XDcnsjxp/";"2025-05-20 21:55:52.000";"Kkkkkkkkkkk todos nós ????";"Nikolas Ferreira";deputado;"Oposição";PL;1821732;null;0
INSTAGRAM;"https://www.instagram.com/reel/DJcE6-aR3qQ/";"2025-05-09 12:59:34.000";"Fim de papo ????";"Nikolas Ferreira";deputado;"Oposição";PL;1531447;null;0
INSTAGRAM;"https://www.instagram.com/reel/DK0YZgIMK9X/";"2025-06-12 20:05:28.000";"Brasil, 2025 - um resumo.";"Nikolas Ferreira";deputado;"Oposição";PL;990097;null;0
INSTAGRAM;"https://www.instagram.com/reel/DJPHnqMxvF7/";"2025-05-04 12:14:25.000";"Tá osso ??";"Nikolas Ferreira";deputado;"Oposição";PL;865087;null;0
INSTAGRAM;"https://www.instagram.com/reel/DIzrwbasfj0/";"2025-04-23 20:32:53.000";"E vai ter gnt defendendo ainda ????";"Nikolas Ferreira";deputado;"Oposição";PL;798346;null;0
INSTAGRAM;"https://www.instagram.com/reel/DKkG0lLODkS/";"2025-06-06 12:26:47.000";"SEXTOU! DIA DE BLITZ! 

Já que maioria  dos pátios não abrem de fds e feriado, isso  é um prato cheio para o ESTADO GULOSÃO fazer  blitz e apreender carros e motos  de trabalhador em horário comercial. 

Tenho projeto de lei para acabar com isso! 

O sistema ferr4 vc? Nos ferram0s o sistema 

projetocidadaodobem";"Delegado Palumbo";deputado;Centro;MDB;743554;null;0
INSTAGRAM;"https://www.instagram.com/reel/DKNojwgSqiK/";"2025-05-28 18:55:48.000";"✊?? VIVA MARINA SILVA!

Pude estar hoje com a nossa Ministra do Meio Ambiente, Marina Silva, que ontem foi novamente alvo de ataques, do machismo e da brutalidade que tem dominado nosso Congresso.

Marina Silva não foi atacada por ter posições políticas diferentes dos senadores.

Ela foi atacada por sua integridade. E nota-se que o que tentaram ferir, em vão, é justamente essa integridade.

Pois Marina é alguém que não se cala perante o avanço do PL da Devastação, não se cala perante as organizações criminosas dos garimpos e das queimadas na Amazônia, não se cala perante a destruição dos nossos outros biomas. 

Assim como não se calou quando um dos senadores que a atacou disse, em março, querer enforcá-la.

E ontem, os senadores Marcos Rogério (PL) e Plínio Valério (PSDB) se depararam com uma mulher, Ministra de Estado, defensora do meio ambiente, com mais integridade do que bancadas partidárias inteiras e não souberam como agir. Lhes restou a violência.

E o povo do nosso país se deparou com o nosso senado se apequenando pela segunda semana seguida, enquanto Marina mostrou-se a gigante que é e que sempre foi.

Viva MarinaSilvaOficial, viva o nosso meio ambiente e NÃO ao #PLdaDevastação.";"Erika Hilton";deputado;Governo;PSOL;526015;null;0
INSTAGRAM;"https://www.instagram.com/reel/DJ7vTBGMB_f/";"2025-05-21 21:04:39.000";"Precisamos BUKELIZAR o Brasil.";"Nikolas Ferreira";deputado;"Oposição";PL;512808;null;0
INSTAGRAM;"https://www.instagram.com/p/DK0K4QoSOX7/";"2025-06-12 18:04:12.000";"Dia dos Namorados pode parecer uma data boba, uma invenção do comércio pra vender, consumir, e que muitas vezes é esvaziado do que é mais importante: celebrar ao lado de quem a gente ama.

Para corpos iguais aos nossos o amor nem sempre foi uma possibilidade, por isso, hoje não celebro somente o dia dos namorados, celebro o amor que é construído dia a dia em cada gesto, cuidado e até nas desavenças (q quase nunca temos??????) 

MEU AMOR, obrigada por ser e estar sempre. 
Obrigada por ser abrigo em meio a tantas tempestades.

Já disse mas nunca cansarei de repetir, você é uma das pessoas mais lindas, foda e especial que já cruzaram a minha vida.

Te amar e bom, é leve…
e eu quero poder te amar por muito tempo e construir lindas memórias juntinhos.

Feliz dia pra gente, danizezza 

Feliz dia dos namorados a todos os casais LGBTQIA+ ??️‍????️‍⚧️

Afinal, Dia dos Namorados também é um dia de visibilidade, de resistência, de luta. ❤️";"Erika Hilton";deputado;Governo;PSOL;495500;null;0
INSTAGRAM;"https://www.instagram.com/p/DI1ZguaRecz/";"2025-04-24 12:28:31.000";"MEU PROJETO VIROU LEI! PROTEÇÃO PARA AS MÃES CIENTISTAS ??

Hoje tive a alegria de estar com o Presidente LulaOficial para a sanção do meu Projeto que protege mães cientistas de discriminação na seleção de bolsas de estudo e de pesquisa. 

Com a nova Lei, as mães, gestantes, puérperas e aquelas que estão no processo de adoção não poderão ser vítimas de critérios discriminatórios nos processos seletivos de bolsas de estudo e pesquisa das instituições de ensino superior e agências de fomento.

A proibição desses critérios é essencial, é um orgulho para mim ser autora deste Projeto e agradeço o Presidente Lula pela sanção.

Assim como o agradeço pela defesa firme que fez hoje da nossa soberania e das minhas prerrogativas enquanto parlamentar brasileira em relação ao horror praticado contra mim pela Embaixada dos EUA.

Fotos por RicardoStuckert.";"Erika Hilton";deputado;Governo;PSOL;389538;null;0
INSTAGRAM;"https://www.instagram.com/reel/DKxZ3L3RDpd/";"2025-06-11 16:34:25.000";"Haddad vem, sorri e debocha como se o Brasil caminhasse bem - mas a realidade é uma só.";"Nikolas Ferreira";deputado;"Oposição";PL;372321;null;0
INSTAGRAM;"https://www.instagram.com/reel/DJmXGdjgEwF/";"2025-05-13 12:59:20.000";"Sobre a polêmica da minha participação na CPI das bets com a influencer virginia está aí a minha fala na íntegra.";Cleitinho;senador;Centro;REPUBLICANOS;354905;null;0
INSTAGRAM;"https://www.instagram.com/reel/DKzf6-bM_4d/";"2025-06-12 11:53:25.000";"Fica a dica ????♥️";"Nikolas Ferreira";deputado;"Oposição";PL;354516;null;0
INSTAGRAM;"https://www.instagram.com/p/DIgb8R7xpKV/";"2025-04-16 09:05:42.000";"Sim, é verdade. Fui classificada como do “sexo masculino” pelo governo dos EUA quando fui tirar meu visto para ir à Brazil Conference, na Universidade de Harvard e no MIT.

Não me surpreende. Isso já está acontecendo nos documentos de pessoas trans dos EUA faz algumas semanas.

Não me surpreende também o nível do ódio e a fixação dessa gente com pessoas trans. Afinal, os documentos que apresentei são retificados, e sou registrada como mulher inclusive na certidão de nascimento.

Ou seja, estão ignorando documentos oficiais de outras nações soberanas, até mesmo de uma representante diplomática, para ir atrás de descobrir se a pessoa, em algum momento, teve um registro diferente.

Mas, no fim do dia, sou uma cidadã brasileira, e tenho meus direitos garantidos e minha existência respeitada pela nossa própria constituição, legislação e jurisprudência.

E, se a embaixada dos EUA tem algo a falar sobre mim, que falem baixo, dentro do prédio deles. Cercado, de todos os lados, pelo nosso Estado Democrático de Direito.

O que me preocupa é um país estar ignorando documentos oficiais acerca da existência dos próprios cidadãos, e alterando-os conforme a narrativa e os desejos de retirada de direitos do Presidente da vez.

Porque isso não vai parar em nós ou atingir apenas as pessoas trans, a lista de alvos dessa gente é imensa.

Ela já estava sendo escrita quando o primeiro escravizado foi liberto, quando a primeira mulher votou, quando os trabalhadores exigiram o primeiro aumento de salário, quando os indígenas reivindicaram o direito ao próprio território, quando um latino tentou ter de volta um pouco do que lhe foi roubado.

E essa lista de alvos continua crescendo, e faz parte de uma agenda política de ódio global, que também não para nos EUA.

Mas, aqui no Brasil, é uma agenda política de ódio que já derrotamos uma vez. E derrotaremos quantas vezes forem necessárias.";"Erika Hilton";deputado;Governo;PSOL;352021;null;0
INSTAGRAM;"https://www.instagram.com/p/DJcXc3RPKWK/";"2025-05-09 15:40:54.000";"A FOTO DOS GOATS! ??

O Encontro entre dois homens que fizeram história na Espanha, em breve na RomárioTV! ??

SIGUE A ROMÁRIOTV! ??

#RomárioTV";"Romário";senador;"Oposição";PL;333264;null;0
INSTAGRAM;"https://www.instagram.com/reel/DJX1lAyML7G/";"2025-05-07 21:29:49.000";VITORIAAAAAAAA;"Gustavo Gayer";deputado;"Oposição";PL;327481;null;0
INSTAGRAM;"https://www.instagram.com/reel/DIz4P9_ON0w/";"2025-04-23 22:19:16.000";"Roubaram o dinheiro dos aposentados! E o pior de tudo que não foi pouco, roubaram R$ 6 bilhões. Imagina, com uma cifra dessas, a quantidade de vítimas do governo Lula. Milhares de pessoas, que trabalharam uma vida inteira, tiveram seu direito lesado.";"Flávio Bolsonaro";senador;"Oposição";PL;326378;null;0
INSTAGRAM;"https://www.instagram.com/p/DIutuQgN84b/";"2025-04-21 22:10:00.000";"Visita em família à nossa inspiração de coragem, resiliência e ser humano!
Força, pai!
Se Deus quiser, em breve, estará de volta às ruas para receber pessoalmente todo o carinho das várias pessoas que pedem para lhe transmitir quando encontram comigo!
jairmessiasbolsonaro";"Flávio Bolsonaro";senador;"Oposição";PL;324767;null;0
INSTAGRAM;"https://www.instagram.com/p/DJEq97JuDY0/";"2025-04-30 10:49:40.000";"Meu presente de aniversário é estar com meu pai no melhor dia dele após sua 7ª cirurgia, consequência da facada por um ex-integrante do Psol.
Se Deus quiser ele estará em casa em breve! 
Obrigado a todos pelas mensagens de carinho, apoio e confiança!";"Flávio Bolsonaro";senador;"Oposição";PL;318323;null;0
INSTAGRAM;"https://www.instagram.com/reel/DJ4bZHxgVBg/";"2025-05-20 13:14:16.000";"Urgente! Tentaram me impedir de mostrar os carros luxuosos que foram roubados dos aposentados do INSS!";Cleitinho;senador;Centro;REPUBLICANOS;292729;null;0
INSTAGRAM;"https://www.instagram.com/reel/DKLMBBUAq0y/";"2025-05-27 20:07:35.000";"Isso sim é um exemplo de tutor, respeito pela vida animal! Não é porque não é seu, que você não precisa cuidar e respeitar. 

Quantas ?? esse herói merece?";"Delegado Bruno Lima";deputado;Centro;PP;274740;null;0
INSTAGRAM;"https://www.instagram.com/p/DI1PfnHPqd9/";"2025-04-24 11:01:03.000";"Abandono é cr1me e agora poderá custar a CNH!

Muita gente ainda acha que abandonar um animal na rua não é nada demais. Mas quem faz isso já está cometendo o crime de maus-tratos.

Ontem, demos mais um passo importante: aprovamos na Comissão de Viação e Transportes o nosso Projeto de Lei 25/2024, que prevê a cassação da CNH de quem usa o carro para abandonar um animal em via pública.

Agora, o PL segue para aprovação na Comissão de Constituição, Justiça e Cidadania. 

Você concorda comigo e acha justo que quem abandona um animal com o carro, perca o direito de dirigir?";"Delegado Matheus Laiola";deputado;Centro;"UNIÃO";273579;null;0
INSTAGRAM;"https://www.instagram.com/reel/DJ-TfRSxci9/";"2025-05-22 20:00:00.000";"Como não chorar junto? Muito obrigado…";"Nikolas Ferreira";deputado;"Oposição";PL;271187;null;0
INSTAGRAM;"https://www.instagram.com/reel/DJS4zOEu7yM/";"2025-05-05 23:22:16.000";" - ";"Flávio Bolsonaro";senador;"Oposição";PL;259967;null;0
INSTAGRAM;"https://www.instagram.com/reel/DJm_5rSgitb/";"2025-05-13 18:47:17.000";"Parei no ponto de ônibus para mostrar a turnê do Gilberto Gil, só que a conta não fecha!!";Cleitinho;senador;Centro;REPUBLICANOS;244823;null;0
INSTAGRAM;"https://www.instagram.com/reel/DI4Cc1MROT8/";"2025-04-25 13:27:45.000";"Collor preso em desdobramento da Lava Jato. As perguntas óbvias são por que só agora, por que demorou tanto e principalmente por que os demais ladrões da Petrobras foram liberados por alguns Ministros do STF e não estão mais presos? E quem, durante os Governos do PT, entregou a BR Distribuidora para o controle do Collor?

#lavajato #petrobras #foralula";"Sergio Moro";senador;Centro;"UNIÃO";242499;null;0
INSTAGRAM;"https://www.instagram.com/reel/DJ6YxrsgVxj/";"2025-05-21 07:36:35.000";"Urgente! Quiseram me dar ordem de prisão, por mostrar a quantidade de carros de luxo que foram roubados dos aposentados!";Cleitinho;senador;Centro;REPUBLICANOS;240780;null;0
INSTAGRAM;"https://www.instagram.com/p/DIsM6m-xgc1/";"2025-04-20 22:45:17.000";"O milagre aconteceu, nossa pequena Eloah chegou! ❤️";"André Fernandes";deputado;"Oposição";PL;237527;null;0
INSTAGRAM;"https://www.instagram.com/reel/DJh0l6jgOGp/";"2025-05-11 18:33:16.000";"Tive que desmascarar Lula e sua turma, que ainda não assinaram a CPMI do INSS.";Cleitinho;senador;Centro;REPUBLICANOS;232758;null;0
INSTAGRAM;"https://www.instagram.com/reel/DJ4z9_ut7ya/";"2025-05-20 16:49:26.000";"PF IGNORA PROVA DE INOCÊNCIA DE ACUSADO DO 08/01

Provas da inocência do coronel Rodrigo Azevedo foram entregues por sua defesa ao delegado da Polícia Federal Fábio Schor — sim, o mesmo que eu já denunciei em plenário e que, depois, decidiu me processar! 

E o que Fabio Shor fez? Mais um absurdo inaceitável. Omitiu no relatório final a prova cabal da inocência, como afirmou hoje o advogado Jeffrey Chiquini em sua sustentação oral diante dos ministros do STF. 

A PGR ignorou. O STF silenciou. 

Agora, querem condenar um homem com base em uma narrativa que é comprovadamente falsa! 

Na verdade, no exato dia e hora em que a PF afirmou que Azevedo estava perto da casa do ministro Alexandre de Moraes, o coronel estava, na verdade, esperando o jantar pedido pelo Rappi para comemorar seu aniversário com a família.

O atual julgamento do STF não passa de uma perseguição política descarada, como demonstrou de forma brilhante e muito clara o advogado Chiquini.

Chega de abusos! CPI do Abuso de Autoridade, já!";"Marcel van Hattem";deputado;"Oposição";NOVO;230731;null;0
INSTAGRAM;"https://www.instagram.com/p/DI15E3nRh_y/";"2025-04-24 17:04:20.000";" - ";"Flávio Bolsonaro";senador;"Oposição";PL;230014;null;0
INSTAGRAM;"https://www.instagram.com/reel/DJVEWgiAeKL/";"2025-05-06 19:41:52.000";"Sobre o maior escândalo de corrupção que está acontecendo no Brasil, marque um petista.";Cleitinho;senador;Centro;REPUBLICANOS;229360;null;0
INSTAGRAM;"https://www.instagram.com/reel/DIhv6kySycy/";"2025-04-16 21:25:08.000";"Feliz em encerrar o dia com a reportagem sobre o meu visto no Jornal Nacional, jornal de grande relevância em nosso país e sociedade, amplificando a luta contra essa violência.

E fico feliz com toda a repercussão do caso. Pois, se repercutiu, é porque as pessoas se importam.

Essa história que tentam nos vender, de que é melhor nós deixarmos nossas vidas e existências de lado, que isso só gera atrito político, é apenas uma farsa.

A empatia ainda existe. E, as pessoas entendendo o que é ser trans ou não, são plenamente capazes de compreender quando uma pessoa está sendo atacada gratuitamente, simplesmente por ser quem se é.

E, por isso, agradeço de coração a todos os jornalistas, portais e revistas com quem conversei hoje. O trabalho de vocês é essencial.";"Erika Hilton";deputado;Governo;PSOL;229049;null;0
INSTAGRAM;"https://www.instagram.com/reel/DJXUUYWS2Tc/";"2025-05-07 16:39:14.000";"Minha nossa senhoraaaaaaa!!!
NÓS REALMENTE ESTAMOS DE VOLTA!!!!";"Gustavo Gayer";deputado;"Oposição";PL;228745;null;0
INSTAGRAM;"https://www.instagram.com/reel/DIhYi0SP3RW/";"2025-04-16 17:58:13.000";"O Brasil, de exemplo no combate à corrupção na época da Lava Jato, está se transformando, sob Lula, no refúgio dos corruptos latino-americanos.

#peru #odebrecht #lavajato #foralula";"Sergio Moro";senador;Centro;"UNIÃO";225874;null;0
INSTAGRAM;"https://www.instagram.com/reel/DJBp9j1OOoa/";"2025-04-29 06:45:07.000";"O governo lula é ágil e se empenha para perseguir opositores políticos e lento, muuuuito lento, pra não deixar os aposentados serem roubados!
Ainda hoje vou apresentar um projeto de lei para obrigar o governo a devolver os R$ bilhões roubados dos aposentados!";"Flávio Bolsonaro";senador;"Oposição";PL;225233;null;0
INSTAGRAM;"https://www.instagram.com/reel/DKxzY5zh5jI/";"2025-06-11 20:01:27.000";"TAXAD EM AÇÃO: IMPOSTO NOVO A CADA 37 DIAS!

Desde 2023, Lula já aumentou tributos 24 vezes! A cada 37 dias, uma nova taxa. Mas cortar despesas? Privatizar? Reduzir ministérios? Nada. 

Enquanto o brasileiro faz malabarismo pra honrar as contas no fim do mês, a Janja esbanja em viagens, hotéis luxuosos e sofás caríssimos para o Alvorada. E Haddad quer que acreditemos que o governo Lula está fazendo “a lição de casa”. 

Chega de cinismo! Não existe ajuste fiscal sério que não comece pelo alto escalão do poder. O brasileiro não suporta mais pagar a conta da gastança e da corrupção do governo Lula.";"Marcel van Hattem";deputado;"Oposição";NOVO;212839;null;0
INSTAGRAM;"https://www.instagram.com/reel/DKu4cmGvpwT/";"2025-06-10 16:47:56.000";"Bolsonaro pediu a minuta. Moraes sumiu com a resposta.";"Magno Malta";senador;"Oposição";PL;212669;null;0
INSTAGRAM;"https://www.instagram.com/p/DIXB2Cpywbd/";"2025-04-12 17:24:30.000";"Mais um pouco da minha visita ontem ao masp, para prestigiar minha obra feita pelas mãos de rafaelmmartes na mostra ‘História LGBTQIA+’.

Nossas histórias merecem ser contadas, recontadas e enaltecidas até que a sociedade para de negar nossos direitos e nossa cidadania.

Me sinto muito honrada e grada por fazer parte desta linda história que estamos escrevendo coletivamente ??️‍????️‍⚧️";"Erika Hilton";deputado;Governo;PSOL;211623;null;0
INSTAGRAM;"https://www.instagram.com/reel/DJ45cKpTluV/";"2025-05-20 17:37:17.000";"Não é filme, é o Brasil real: enquanto aposentados lutam pra sobreviver com um salário mínimo, o “Careca do INSS” escondia uma frota de carrões de luxo no prédio onde mantenho meu escritório. Recebi a denúncia, fui pessoalmente e confirmei: é um escândalo!

Parece “Velozes e Fraudulentos” com dinheiro dos mais pobres. Estou indignada! Só vou parar quando os mais de R$ 6 bilhões forem devolvidos ao povo. Justiça já! 

#INSS #Corrupção #DamaresAlves";"Damares Alves";senador;Centro;REPUBLICANOS;207565;null;0
INSTAGRAM;"https://www.instagram.com/p/DIsCkt_MM5m/";"2025-04-20 21:14:55.000";"Estamos passando aqui para agradecer as milhares de mensagens de carinho e as boas energias emanadas para nosso bebê… ❤️???? Vocês são maravilhosos! Temos certeza que os próximos seis meses de gestação serão ainda melhores, agora na companhia de vocês!!! Para essa postagem escolhemos algumas fotos simples, mas de momentos de descontração que tivemos nesses três meses… 

Desde o dia que fizemos cinco testes pra confirmar, até as dormidas dos cachorros na barriga da Thaís, terminando com as fotos de nós dois quando éramos bebês. Ficamos tentando imaginar como ele(a) virá, com quem irá parecer mais… hehehe uma só certeza, que virá loirinho(a) e com os olhinhos claros!!! ??️??

Como podemos amar tanto um serzinho tão pequeno e que ainda nem seguramos no colo? ??

Obrigado mais uma vez! E aguentem os pais babões por aqui!❤️????

#bebê #nenem #gravidez #gravidos";"Felipe Becari";deputado;Centro;"UNIÃO";204896;null;0
INSTAGRAM;"https://www.instagram.com/reel/DIUVswsMdll/";"2025-04-11 16:20:29.000";"Será?";"Gustavo Gayer";deputado;"Oposição";PL;201965;null;0
INSTAGRAM;"https://www.instagram.com/reel/DJ-q6aSOGyg/";"2025-05-22 23:26:20.000";"Não há mal que dure para sempre!
Via bolsonarosp";"Flávio Bolsonaro";senador;"Oposição";PL;197827;null;0
INSTAGRAM;"https://www.instagram.com/reel/DJ2eR74sdRC/";"2025-05-19 19:01:19.000";"Lula vetou na lei que cria o Cadastro Nacional de Pedófilos a permanência do nome do criminoso após o cumprimento da sentença. Pera aí, essa era uma parte crucial desse projeto, para proteger as crianças e alertar as famílias. Teremos sessão conjunta do Congresso dia 27 e esperamos derrubar esse veto.";"Damares Alves";senador;Centro;REPUBLICANOS;197099;null;0
INSTAGRAM;"https://www.instagram.com/reel/DKdA7-Lu7zw/";"2025-06-03 18:17:30.000";"?? ALERTA GRAVE! ??
⚖️ PEDIDO DE PRISÃO DE CARLA ZAMBELLI É INCONSTITUCIONAL! ⚖️

A PGR está pedindo a prisão de uma deputada federal eleita pelo povo, violando abertamente o Art. 53 da Constituição Federal! ??

?? Deputados só podem ser presos em flagrante de crime inafiançável — e mesmo assim, a Câmara dos Deputados precisa aprovar em até 24h!
❗Zambelli não foi presa em flagrante.
❗Não se trata de crime inafiançável.
?? Logo, a prisão fere a Constituição e a democracia brasileira.

Isso não é sobre gostar ou não da Zambelli. É sobre defender o que está escrito na lei maior do país! ????

?? Se hoje prendem uma deputada eleita, amanhã podem calar qualquer voz incômoda!
A Constituição não pode ser rasgada por conveniência política!

?? COMPARTILHE esta mensagem!
É hora de defender a legalidade, a separação dos poderes e o estado de direito!";"Carla Zambelli";deputado;"Oposição";PL;196568;null;0
INSTAGRAM;"https://www.instagram.com/reel/DJ40oprsa9v/";"2025-05-20 16:56:44.000";"PQP!!! ASSISTA ISSO! Advogado destroi narrativa do Moraes e envergonha o STF. ÉPICO!!
jeffreychiquini";"Gustavo Gayer";deputado;"Oposição";PL;195447;null;0
INSTAGRAM;"https://www.instagram.com/reel/DKSCUzPxuqH/";"2025-05-30 12:00:25.000";"29 anos - e muito mais do que eu mereço. Obrigado, Senhor!";"Nikolas Ferreira";deputado;"Oposição";PL;195415;null;0
INSTAGRAM;"https://www.instagram.com/reel/DITncNMpK2z/";"2025-04-11 09:37:26.000";"Coisas que os ricos roubaram dos pobres????
.
.
.
#tiririca #humor #comedia #explore #comedy";Tiririca;deputado;"Oposição";PL;194484;null;0
INSTAGRAM;"https://www.instagram.com/reel/DKcgA8Kt76s/";"2025-06-03 13:28:42.000";"Urgente! Plenário do Senado está vazio! Fizeram isso para que amanhã o STF possa censurar todo o povo brasileiro.";Cleitinho;senador;Centro;REPUBLICANOS;194358;null;0
FACEBOOK;"https://www.facebook.com/reel/541130945603307/";"2025-06-06 12:26:52.000";"SEXTOU! DIA DE BLITZ! 

Já que maioria  dos pátios não abrem de fds e feriado, isso  é um prato cheio para o ESTADO GULOSÃO fazer  blitz e apreender carros e motos  de trabalhador em horário comercial. 

Tenho projeto de lei para acabar com isso! 

O sistema ferr4 vc? Nos ferram0s o sistema 

@projetocidadaodobem";"Delegado Palumbo";deputado;Centro;MDB;301669;null;0
FACEBOOK;"https://www.facebook.com/525356645615273/videos/672040115825867";"2025-05-30 14:54:31.000";"Impressionante! ?? Um verdadeiro herói ??";"Delegado Bruno Lima";deputado;Centro;PP;270392;null;0
FACEBOOK;"https://www.facebook.com/280627426754216/videos/666117616348303";"2025-04-24 06:00:57.000";"Oração Profética da Manhã – 24  de Abril  TUA VITÓRIA CHEGA HOJE!";"Fábio Teruel";deputado;Centro;MDB;241412;null;0
FACEBOOK;"https://www.facebook.com/535290724624079/videos/2019276181943451";"2025-06-11 20:00:16.000";"TAXAD EM AÇÃO: IMPOSTO NOVO A CADA 37 DIAS!

Desde 2023, Lula já aumentou tributos 24 vezes! A cada 37 dias, uma nova taxa. Mas cortar despesas? Privatizar? Reduzir ministérios? Nada. 

Enquanto o brasileiro faz malabarismo pra honrar as contas no fim do mês, a Janja esbanja em viagens, hotéis luxuosos e sofás caríssimos para o Alvorada. E Haddad quer que acreditemos que o governo Lula está fazendo “a lição de casa”. 

Chega de cinismo! Não existe ajuste fiscal sério que não comece pelo alto escalão do poder. O brasileiro não suporta mais pagar a conta da gastança e da corrupção do governo Lula.";"Marcel van Hattem";deputado;"Oposição";NOVO;234987;null;0
FACEBOOK;"https://www.facebook.com/280627426754216/videos/1201299801396195";"2025-04-15 06:00:26.000";"15 de Abril - Oração do Dia | Para a chave?? virar e a porta se abrir";"Fábio Teruel";deputado;Centro;MDB;228330;null;0
FACEBOOK;"https://www.facebook.com/280627426754216/videos/1682550509314442";"2025-05-07 06:00:20.000";"[AO VIVO]  Fábio Teruel com a Oração de Hoje ???? Quarta 7 de Maio";"Fábio Teruel";deputado;Centro;MDB;224250;null;0
FACEBOOK;"https://www.facebook.com/522021772613226/posts/1234241434724586";"2025-04-21 22:18:32.000";"Visita em família à nossa inspiração de coragem, resiliência e ser humano!
Força, pai!

Se Deus quiser, em breve, estará de volta às ruas para receber pessoalmente todo o carinho das várias pessoas que pedem para lhe transmitir quando encontram comigo!

Jair Messias Bolsonaro";"Flávio Bolsonaro";senador;"Oposição";PL;214205;null;0
FACEBOOK;"https://www.facebook.com/525356645615273/posts/1236691407815123";"2025-05-06 16:43:25.000";"Que história surreal!

Eles mudam a nossa vida, e às vezes a gente consegue mudar a deles ??????";"Delegado Bruno Lima";deputado;Centro;PP;191018;null;0
FACEBOOK;"https://www.facebook.com/284882020489026/videos/1487363945972037";"2025-05-06 20:15:47.000";"O maior escândalo da história do Brasil.

instagram.com/nikolasferreiradm";"Nikolas Ferreira";deputado;"Oposição";PL;187792;null;0
FACEBOOK;"https://www.facebook.com/reel/668381272560655/";"2025-04-29 06:45:11.000";"O governo lula é ágil e se empenha para perseguir opositores políticos e lento, muuuuito lento, pra não deixar os aposentados serem roubados!
Ainda hoje vou apresentar um projeto de lei para obrigar o governo a devolver os R$ bilhões roubados dos aposentados!";"Flávio Bolsonaro";senador;"Oposição";PL;181376;null;0
FACEBOOK;"https://www.facebook.com/280627426754216/videos/667879633072556";"2025-05-20 06:00:26.000";"Oração da Manhã de Hoje (Forte) ?? Para Deus Trazer Vitória | 20 DE MAIO";"Fábio Teruel";deputado;Centro;MDB;180090;null;0
FACEBOOK;"https://www.facebook.com/280627426754216/videos/9865915946854313";"2025-05-19 06:00:13.000";"19 de Maio - A Melhor Oração Para Começar o Seu Dia";"Fábio Teruel";deputado;Centro;MDB;176356;null;0
FACEBOOK;"https://www.facebook.com/reel/1181324566728576/";"2025-04-13 10:34:53.000";"Quando a família me chama pra almoçar fora????";Tiririca;deputado;"Oposição";PL;175776;null;0
FACEBOOK;"https://www.facebook.com/519005389581844/videos/1646693682697687";"2025-04-24 17:30:57.000";"“Da boca das crianças e dos pequeninos tiraste perfeito louvor” (Mateus 21:16)

Aleluia! Jesus é o Senhor! ????";"Marcelo Crivella";deputado;Centro;REPUBLICANOS;171075;null;0
FACEBOOK;"https://www.facebook.com/526634308849902/videos/680886887999760";"2025-05-07 21:37:39.000";"URGENTE ?? 

Câmara dos Deputados acaba de suspender o julgamento do “Gopi” capitaneado por Alexandre de Moraes. Os deputados como o povo estão cansados das arbitrariedades do STF.

GRAAAAAANDE DIA ????";"Mauricio Marcon";deputado;Centro;PODEMOS;171025;null;0
FACEBOOK;"https://www.facebook.com/280627426754216/videos/1385197379296300";"2025-05-29 06:00:18.000";"(Ao Vivo) Oração da Manhã de Hoje  ?? Para Deus Trazer Vitória | 29 DE MAIO";"Fábio Teruel";deputado;Centro;MDB;170379;null;0
FACEBOOK;"https://www.facebook.com/526634308849902/videos/665162443093177";"2025-04-23 19:54:36.000";"Surge o nome para substituir Lula";"Mauricio Marcon";deputado;Centro;PODEMOS;170310;null;0
FACEBOOK;"https://www.facebook.com/280627426754216/videos/1707073900216442";"2025-04-16 06:01:01.000";"Nada aconteceu ainda? Depois dessa ORAÇÃO, vai acontecer!";"Fábio Teruel";deputado;Centro;MDB;169704;null;0
FACEBOOK;"https://www.facebook.com/280627426754216/videos/1469684487330455";"2025-05-23 06:00:15.000";"(Ao Vivo) Oração da Manhã de Hoje  ?? Para Deus Trazer Vitória | 23 DE MAIO";"Fábio Teruel";deputado;Centro;MDB;169504;null;0
FACEBOOK;"https://www.facebook.com/280627426754216/videos/1224872389420738";"2025-04-14 06:00:25.000";"Oração do Dia | Para a chave?? virar e a porta se abrir";"Fábio Teruel";deputado;Centro;MDB;164097;null;0
FACEBOOK;"https://www.facebook.com/523585642458790/videos/1905020420265986";"2025-05-26 19:08:39.000";"Recordar é viver! O que mudou?";"Bia Kicis";deputado;"Oposição";PL;162938;null;0
FACEBOOK;"https://www.facebook.com/280627426754216/videos/1389020338808391";"2025-05-18 21:00:15.000";"18 de Maio - Oração Forte da Noite (Proteção e Vitória)";"Fábio Teruel";deputado;Centro;MDB;160539;null;0
FACEBOOK;"https://www.facebook.com/reel/1965951820897683/";"2025-06-11 11:46:09.000";"Com tranquilidade, Jair Bolsonaro desmontou as narrativas mal escritas da denúncia da PGR. Frente aos algozes, nenhum deles usou retórica; isso deixou a imprensa apavorada e irritada por perder os argumentos. É brincadeira!

Contra a verdade, nunca haverá um argumento que se sustente!";"Magno Malta";senador;"Oposição";PL;158481;null;0
FACEBOOK;"https://www.facebook.com/280627426754216/videos/2450196108687134";"2025-05-17 06:00:15.000";"A Melhor Oração Para Você Começar o Seu Dia";"Fábio Teruel";deputado;Centro;MDB;156950;null;0
FACEBOOK;"https://www.facebook.com/280627426754216/videos/1062915598550987";"2025-04-19 06:00:53.000";"Oração do Dia | Para a chave?? virar e a porta se abrir | 19 DE ABRIL";"Fábio Teruel";deputado;Centro;MDB;155754;null;0
FACEBOOK;"https://www.facebook.com/534871981370657/videos/3087492948090712";"2025-06-13 14:55:54.000";"Além de Lula ser um antissemitista preconceituoso e hostil contra judeus, envergonha o Brasil lá fora!";"Coronel Chrisóstomo";deputado;"Oposição";PL;155379;null;0
FACEBOOK;"https://www.facebook.com/280627426754216/videos/1384618762455834";"2025-04-23 06:00:33.000";"Oração do Dia | Para a chave?? virar e a porta se abrir | 23 DE ABRIL";"Fábio Teruel";deputado;Centro;MDB;155024;null;0
FACEBOOK;"https://www.facebook.com/280627426754216/videos/1228643888989499";"2025-05-30 21:00:48.000";"Oração FORTE da Noite - 5 vitórias vão te alcançar HOJE!";"Fábio Teruel";deputado;Centro;MDB;153777;null;0
FACEBOOK;"https://www.facebook.com/284882020489026/videos/1491929321771426";"2025-05-07 21:59:21.000";"Já se passaram 48hrs…

instagram.com/nikolasferreiradm";"Nikolas Ferreira";deputado;"Oposição";PL;152917;null;0
FACEBOOK;"https://www.facebook.com/reel/750977447595665/";"2025-06-02 19:12:59.000";"REP0ST | As imagens falam por si.
O advogado de defesa de um dos réus do “gopi” mostrou o que eles querem esconder, a velha mídia silenciou.

Cadê o resto das imagens? Foi golp& ou armação? ????

#armação #narrativa #vergonha #direita #advogado";"Giovani Cherini";deputado;"Oposição";PL;151595;null;0
FACEBOOK;"https://www.facebook.com/280627426754216/videos/540810302164401";"2025-04-29 06:00:44.000";"Eu vi Deus entregando uma grande vitória em suas mãos! Toma posse digitando ""AMÉM""!";"Fábio Teruel";deputado;Centro;MDB;151105;null;0
FACEBOOK;"https://www.facebook.com/reel/658830397150959/";"2025-05-17 15:36:18.000";"????";"Rodolfo Nogueira";deputado;"Oposição";PL;150822;null;0
FACEBOOK;"https://www.facebook.com/280627426754216/videos/634825199565442";"2025-05-26 06:00:13.000";"(Ao Vivo) Oração da Manhã de Hoje  ?? Para Deus Trazer Vitória | 26 DE MAIO";"Fábio Teruel";deputado;Centro;MDB;148842;null;0
FACEBOOK;"https://www.facebook.com/280627426754216/videos/1041986781217190";"2025-05-27 06:01:01.000";"Oração Profética do dia Com Fábio Teruel";"Fábio Teruel";deputado;Centro;MDB;148825;null;0
FACEBOOK;"https://www.facebook.com/280627426754216/videos/944065891137226";"2025-04-18 06:00:26.000";"Oração Sexta-Feira Santa  18 de Abril";"Fábio Teruel";deputado;Centro;MDB;146420;null;0
FACEBOOK;"https://www.facebook.com/555282315957576/videos/1062672502429451";"2025-05-21 15:28:31.000";"O instinto de uma mãe, o poder do resgate. Juju e seu filhote agora têm amor! ????♥️";"Célio Studart";deputado;Centro;PSD;144793;null;0
FACEBOOK;"https://www.facebook.com/280627426754216/videos/1228653822157600";"2025-04-22 06:00:27.000";"Oração do Dia | Para a chave?? virar e a porta se abrir | 22 DE ABRIL";"Fábio Teruel";deputado;Centro;MDB;142401;null;0
FACEBOOK;"https://www.facebook.com/280627426754216/videos/1423064922008691";"2025-04-11 06:00:42.000";"11 de Abril – Oração do Dia | Para a chave?? virar e a porta se abrir";"Fábio Teruel";deputado;Centro;MDB;141515;null;0
FACEBOOK;"https://www.facebook.com/280627426754216/videos/722683370274775";"2025-05-22 06:00:12.000";"(Ao Vivo) Oração da Manhã de Hoje  ?? Para Deus Trazer Vitória | 22 DE MAIO";"Fábio Teruel";deputado;Centro;MDB;141487;null;0
FACEBOOK;"https://www.facebook.com/280627426754216/videos/1171687414834711";"2025-05-06 06:00:10.000";"[AO VIVO]  Fábio Teruel com a Oração de Hoje ???? Terça 6 de Maio";"Fábio Teruel";deputado;Centro;MDB;140232;null;0
FACEBOOK;"https://www.facebook.com/526634308849902/videos/1421214819061896";"2025-05-26 14:29:15.000";"URGENTE ?? Estamos a somente um passo da censura total!";"Mauricio Marcon";deputado;Centro;PODEMOS;138190;null;0
FACEBOOK;"https://www.facebook.com/280627426754216/videos/707689948331231";"2025-05-21 21:00:29.000";"21 de Maio | Maria Passa na Frente e Pisa na Cabeça da Serpente – 3º Dia da Campanha";"Fábio Teruel";deputado;Centro;MDB;136185;null;0
FACEBOOK;"https://www.facebook.com/525356645615273/videos/1211010663589285";"2025-06-04 16:36:20.000";"Felicidade no olhar ??";"Delegado Bruno Lima";deputado;Centro;PP;135963;null;0
FACEBOOK;"https://www.facebook.com/514010646756911/posts/1224263742398261";"2025-05-08 10:17:34.000";"Se o PT não roubou nada, por que age como se tivesse roubado?";"Filipe Barros";deputado;"Oposição";PL;135341;null;0
FACEBOOK;"https://www.facebook.com/280627426754216/videos/636243789391615";"2025-05-16 06:00:23.000";"Oração da Manhã - 16 de Maio | Último Dia Campanha MDPF";"Fábio Teruel";deputado;Centro;MDB;134168;null;0
FACEBOOK;"https://www.facebook.com/509199093998799/posts/1250421276543240";"2025-05-30 20:21:07.000";"Um dos pontos turísticos mais visitados do mundo, a Torre Eiffel será iluminada com as cores verde e amarela na próxima semana, durante a visita do presidente Lula a Paris.";"Lindbergh Farias";deputado;Governo;PT;133258;null;0
FACEBOOK;"https://www.facebook.com/280627426754216/videos/10077217078956173";"2025-04-26 06:00:17.000";"?? HOJE termina sua ESPERA! Ore e veja a PORTA se abrir! (Deixe seu nome nos comentários?? Deus pede para eu orar por você)";"Fábio Teruel";deputado;Centro;MDB;132743;null;0
FACEBOOK;"https://www.facebook.com/280627426754216/videos/672052602444574";"2025-04-17 06:00:42.000";"⚡️ Antes do Dia Terminar, Esta ORAÇÃO Liberará um MILAGRE em Sua Vida";"Fábio Teruel";deputado;Centro;MDB;131918;null;0
FACEBOOK;"https://www.facebook.com/280627426754216/videos/587108777760627";"2025-06-10 06:01:11.000";"(Ao Vivo) Oração da Manhã de Hoje  ?? Para Deus Trazer Vitória | 10 DE JUNHO";"Fábio Teruel";deputado;Centro;MDB;130148;null;0
FACEBOOK;"https://www.facebook.com/reel/1064072392307015/";"2025-05-09 19:59:46.000";"A internet não perdoa ??";"José Medeiros";deputado;"Oposição";PL;127716;null;0
YOUTUBE;"http://www.youtube.com/watch?v=885h0tJiRv4";"2025-05-06 21:04:51.000";"O VÍDEO QUE VAI DERRUBAR O GOVERNO LULA
";"Nikolas Ferreira";deputado;"Oposição";PL;520360;0;1974568
YOUTUBE;"http://www.youtube.com/watch?v=obGoAj8nhAc";"2025-06-06 13:12:30.000";"O sistema ferr4 vc? Nós ferram0s o sistema.
Siga as nossas redes sociais:

https://www.youtube.com/delegadopalumbo​
https://www.facebook.com/delegadopalumbo
https://www.instagram.com/delegadopalumbo
https://twitter.com/delegadopalumbo​
https://www.tiktok.com/@delegadopalumbooficial

Visite nosso site:
http://delegadopalumbo.com.br

Denúncias:
WhatsApp (11) 93055-7777";"Delegado Palumbo";deputado;Centro;MDB;301580;7375989;7375989
YOUTUBE;"http://www.youtube.com/watch?v=xvK_pNC5nbg";"2025-04-29 18:10:31.000";"Não dá pra ficar calado! Esse ""Pastor Mirim"" está indo longe demais
Não dá pra ficar calado! Esse ""Pastor Mirim"" está indo longe demais 

?? Transforme seu Instagram em uma máquina de seguidores e vendas! Clique no link abaixo e destrave agora!
https://academiagayer.com.br/
https://academiagayer.com.br/ 

Me siga também no Instagram:  ??????
https://www.instagram.com/gusgayer/

Entrem no grupo do Telegram:  https://t.me/joinchat/Odbt4Rfd5djLjnjH2Uc4Lw";"Gustavo Gayer";deputado;"Oposição";PL;157793;0;1106941
YOUTUBE;"http://www.youtube.com/watch?v=rhnJF6FBiLg";"2025-06-09 17:19:09.000";"Pela culatra! - Pergunta de FUX acaba com o julgamento e prova inocência do Bolsonaro
Pela culatra! - Pergunta de FUX acaba com o julgamento e prova inocência do Bolsonaro 

?? Transforme seu Instagram em uma máquina de seguidores e vendas! Clique no link abaixo e destrave agora!
?????? https://academiagayer.com.br/curso-instagram/
?????? https://academiagayer.com.br/curso-instagram/

Me siga também no Instagram:  ??????
https://www.instagram.com/gusgayer/

Entrem no grupo do Telegram:  https://t.me/joinchat/Odbt4Rfd5djLjnjH2Uc4Lw";"Gustavo Gayer";deputado;"Oposição";PL;156993;0;1113032
YOUTUBE;"http://www.youtube.com/watch?v=pWyDwIkJUqo";"2025-05-19 19:28:03.000";"URGENTE! General confronta Moraes, desmonta acusação e ministro faz ameaça
URGENTE! General confronta Moraes, desmonta acusação e ministro faz ameaça 

?? Transforme seu Instagram em uma máquina de seguidores e vendas! Clique no link abaixo e destrave agora!
?????? https://academiagayer.com.br/curso-instagram/
?????? https://academiagayer.com.br/curso-instagram/

Me siga também no Instagram:  ??????
https://www.instagram.com/gusgayer/

Entrem no grupo do Telegram:  https://t.me/joinchat/Odbt4Rfd5djLjnjH2Uc4Lw";"Gustavo Gayer";deputado;"Oposição";PL;151923;0;1077076
YOUTUBE;"http://www.youtube.com/watch?v=XqV25qu2Q2M";"2025-06-13 12:43:12.000";"URGENTE - PAI, ESPOSA E FILHAS DE MAURO CID FOGEM DO BRASIL. Acabou intimidação contra Cid
URGENTE - PAI, ESPOSA E FILHAS DE MAURO CID FOGEM DO BRASIL. Acabou intimidação contra Cid

?? Transforme seu Instagram em uma máquina de seguidores e vendas! Clique no link abaixo e destrave agora!
?????? https://academiagayer.com.br/curso-instagram/
?????? https://academiagayer.com.br/curso-instagram/

Me siga também no Instagram:  ??????
https://www.instagram.com/gusgayer/

Entrem no grupo do Telegram:  https://t.me/joinchat/Odbt4Rfd5djLjnjH2Uc4Lw";"Gustavo Gayer";deputado;"Oposição";PL;124588;0;877558
YOUTUBE;"http://www.youtube.com/watch?v=13TsQCC8m_4";"2025-04-28 10:38:05.000";"BOMBA - Moraes PERDEU! Pesquisa cai como uma bomba para o STF. O Brasil acordou!
BOMBA - Moraes PERDEU! Pesquisa cai como uma bomba para o STF. O Brasil acordou!

?? Transforme seu Instagram em uma máquina de seguidores e vendas! Clique no link abaixo e destrave agora!
https://academiagayer.com.br/
https://academiagayer.com.br/ 

Me siga também no Instagram:  ??????
https://www.instagram.com/gusgayer/

Entrem no grupo do Telegram:  https://t.me/joinchat/Odbt4Rfd5djLjnjH2Uc4Lw";"Gustavo Gayer";deputado;"Oposição";PL;123831;0;709838
YOUTUBE;"http://www.youtube.com/watch?v=StAInOV9E7g";"2025-04-14 14:14:16.000";"IMPRESSIONANTE - DANIEL SILVEIRA previu exatamente o que está acontecendo hoje
IMPRESSIONANTE - DANIEL SILVEIRA previu exatamente o que está acontecendo hoje 

?? Transforme seu Instagram em uma máquina de seguidores e vendas! Clique no link abaixo e destrave agora!
https://academiagayer.com.br/
https://academiagayer.com.br/ 

Me siga também no Instagram:  ??????
https://www.instagram.com/gusgayer/

Entrem no grupo do Telegram:  https://t.me/joinchat/Odbt4Rfd5djLjnjH2Uc4Lw";"Gustavo Gayer";deputado;"Oposição";PL;121466;0;1100577
YOUTUBE;"http://www.youtube.com/watch?v=7PzebcJ34wI";"2025-06-12 19:56:14.000";"PLENÁRIO SE EMOCIONA COM NIKOLAS
";"Nikolas Ferreira";deputado;"Oposição";PL;121181;0;854072
YOUTUBE;"http://www.youtube.com/watch?v=DoXWKDcjJZA";"2025-04-21 14:38:57.000";"Nunca vi uma reação dessa
REAÇÃO INDESCRITÍVEL‼️Nunca vi uma reação dessa em mais de uma década atuando na proteção animal! ????Como ele veio se rastejando, pedindo carinho, depois rolando de alegria!!! Por isso, tenho convicção que foi abandonado, e que provavelmente estava no mesmo lugar esperando o dono! Aliás, é um Pitbull, uma raça que infelizmente é uma das mais recorrentes no quesito abandono.

As imagens falam por si só. Ganhei o meu dia, a minha semana, o meu mês… esse animal não ficará mais na estrada correndo o risco de mort3!!! ??????

#luteporalgo #eulutopelosanimais #resgate #beiradaestrada #cachorroabandonado #salvoumeudia


LICENSE CERTIFICATE: Envato Elements Item
=================================================
This license certificate documents a license to use the item listed below
on a non-exclusive, commercial, worldwide and revokable basis, for
one Single Use for this Registered Project.

Item Title:                      Beautiful Moments
Item URL:                        https://elements.envato.com/beautiful-moments-97MHSNJ
Item ID:                         97MHSNJ
Author Username:                 matsteiner
Licensee:                        u5 mkt
Registered Project Name:         Nunca vi uma reação dessa - Canal Felipe Becari
License Date:                    April 20th, 2025
Item License Code:               V5Y6HFSRTZ

The license you hold for this item is only valid if you complete your End
Product while your subscription is active. Then the license continues
for the life of the End Product (even if your subscription ends).

For any queries related to this document or license please contact
Envato Support via https://help.elements.envato.com/hc/en-us/requests/new

Envato Elements Pty Ltd (ABN 87 613 824 258)
PO Box 16122, Collins St West, VIC 8007, Australia
==== THIS IS NOT A TAX RECEIPT OR INVOICE ====";"Felipe Becari";deputado;Centro;"UNIÃO";118958;1038432;1038432
YOUTUBE;"http://www.youtube.com/watch?v=XQUGcb5MV78";"2025-05-24 14:37:26.000";"Cagando de medo - PGR e Delegado do Moraes descobriram que sofrerão sançoes do Trump
Cagando de medo - PGR e Delegado do Moraes descobriram que sofrerão sançoes do Trump

?? Transforme seu Instagram em uma máquina de seguidores e vendas! Clique no link abaixo e destrave agora!
?????? https://academiagayer.com.br/curso-instagram/
?????? https://academiagayer.com.br/curso-instagram/

Me siga também no Instagram:  ??????
https://www.instagram.com/gusgayer/

Entrem no grupo do Telegram:  https://t.me/joinchat/Odbt4Rfd5djLjnjH2Uc4Lw";"Gustavo Gayer";deputado;"Oposição";PL;117950;0;737353
YOUTUBE;"http://www.youtube.com/watch?v=Wzux4EUKD20";"2025-05-31 16:15:40.000";"CAIU A FICHA! LULA abandona Moraes após entender a GRAVIDADE das sanções de TRUMP
CAIU A FICHA! LULA abandona Moraes após entender a GRAVIDADE das sanções de TRUMP

?? Transforme seu Instagram em uma máquina de seguidores e vendas! Clique no link abaixo e destrave agora!
?????? https://academiagayer.com.br/curso-instagram/
?????? https://academiagayer.com.br/curso-instagram/

Me siga também no Instagram:  ??????
https://www.instagram.com/gusgayer/

Entrem no grupo do Telegram:  https://t.me/joinchat/Odbt4Rfd5djLjnjH2Uc4Lw";"Gustavo Gayer";deputado;"Oposição";PL;117063;0;861691
YOUTUBE;"http://www.youtube.com/watch?v=C-AlAJK6_NI";"2025-05-09 14:53:15.000";"MISERICÓRDIA!! LULA passa mais vergonha internacional na Rússia e até GLOBO se revolta
MISERICÓRDIA!! LULA passa mais vergonha internacional na Rússia e até GLOBO se revolta 

?? Transforme seu Instagram em uma máquina de seguidores e vendas! Clique no link abaixo e destrave agora!
https://academiagayer.com.br/
https://academiagayer.com.br/ 

Me siga também no Instagram:  ??????
https://www.instagram.com/gusgayer/

Entrem no grupo do Telegram:  https://t.me/joinchat/Odbt4Rfd5djLjnjH2Uc4Lw";"Gustavo Gayer";deputado;"Oposição";PL;116373;0;883821
YOUTUBE;"http://www.youtube.com/watch?v=q6lh5FLzNBE";"2025-05-18 15:29:52.000";"NOVA BOMBA NA FRAUDE DO INSS?! #kimkataguiri #mbl #inss
Vem para o clube do livro:
https://clube.valete.org.br

Assine o plebiscito da nova CONSTITUIÇÃO com PENA de MORTE e PRISÃO PERPÉTUA: 
https://penademorte.kataguiri.kim/

Quer o impeachment do Lula? Assine no link abaixo. Atingindo 3 milhões de assinaturas iremos as ruas!
http://lulanao.com/

Academia Valete: https://academia.mbl.org.br/?utm_source=kim

COLA LÁ NAS MINHAS REDES:
Zap do Kim: https://kataguiri.kim
Discord: http://mbl.org.br/discord
Twitch: http://twitch.tv/kimkataguiri
Facebook: http://facebook.com/kataguiri.kim
Instagram: http://instagram.com/kimkataguiri
Twitter: http://twitter.com/kimkataguiri
Telegram: http://t.me/kimkataguiri
Tiktok: https://www.tiktok.com/@kimkataguiri";"Kim Kataguiri";deputado;Centro;"UNIÃO";114852;1459269;1459269
YOUTUBE;"http://www.youtube.com/watch?v=B8mef8EQnHk";"2025-06-14 14:12:42.000";"CID ACABA COM OS PLANOS DE MORAES - VEJA solta mais provas de que Cid mentiu de novo
CID ACABA COM OS PLANOS DE MORAES - VEJA solta mais provas de que Cid mentiu de novo 

?? Transforme seu Instagram em uma máquina de seguidores e vendas! Clique no link abaixo e destrave agora!
?????? https://academiagayer.com.br/curso-instagram/
?????? https://academiagayer.com.br/curso-instagram/

Me siga também no Instagram:  ??????
https://www.instagram.com/gusgayer/

Entrem no grupo do Telegram:  https://t.me/joinchat/Odbt4Rfd5djLjnjH2Uc4Lw";"Gustavo Gayer";deputado;"Oposição";PL;114364;0;699161
YOUTUBE;"http://www.youtube.com/watch?v=XUYeDqcOzoQ";"2025-05-28 14:19:22.000";"URGENTE! EUA anuncia início de ações contra censores e possível lista de nomes é publicada
URGENTE! EUA anuncia início de ações contra censores e possível lista de nomes é publicada";"Gustavo Gayer";deputado;"Oposição";PL;112493;0;620002
YOUTUBE;"http://www.youtube.com/watch?v=pLyYjrlS1Xk";"2025-05-05 19:44:04.000";"FINALMENTE! STF se pronuncia sobre escândalo do INSS e deixa LULA preocupado
FINALMENTE! STF se pronuncia sobre escândalo do INSS e deixa LULA preocupado";"Gustavo Gayer";deputado;"Oposição";PL;111416;0;699920
YOUTUBE;"http://www.youtube.com/watch?v=nzCFJuSqvG4";"2025-06-05 14:09:28.000";"URGENTE! Filho da Carla Zambelli acaba de publicar um vídeo sobre a censura do Moraes
URGENTE! Filho da Carla Zambelli acaba de publicar um vídeo sobre a censura do Moraes

Sigam o filho da Carla Zambelli
https://www.instagram.com/joaozambelli01/
https://www.instagram.com/joaozambelli01/
https://www.instagram.com/joaozambelli01/

Me siga também no Instagram:  ??????
https://www.instagram.com/gusgayer/

Entrem no grupo do Telegram:  https://t.me/joinchat/Odbt4Rfd5djLjnjH2Uc4Lw";"Gustavo Gayer";deputado;"Oposição";PL;110149;0;611706
YOUTUBE;"http://www.youtube.com/watch?v=ETNpLY6_qD8";"2025-05-07 15:17:13.000";"DESESPERO!! LULA sacrifica Gleisi Hoffmann para tentar impedir a CPI do INSS
DESESPERO!! LULA sacrifica Gleisi Hoffmann para tentar impedir a CPI do INSS";"Gustavo Gayer";deputado;"Oposição";PL;109514;0;760291
YOUTUBE;"http://www.youtube.com/watch?v=FL3mt2OM5-c";"2025-04-25 16:52:06.000";"URGENTE! FUX perde a paciência com Moraes e aumenta tensão no STF
URGENTE! FUX perde a paciência com Moraes e aumenta tensão no STF

?? Transforme seu Instagram em uma máquina de seguidores e vendas! Clique no link abaixo e destrave agora!
https://academiagayer.com.br/
https://academiagayer.com.br/ 

Me siga também no Instagram:  ??????
https://www.instagram.com/gusgayer/

Entrem no grupo do Telegram:  https://t.me/joinchat/Odbt4Rfd5djLjnjH2Uc4Lw";"Gustavo Gayer";deputado;"Oposição";PL;109464;0;796699
YOUTUBE;"http://www.youtube.com/watch?v=CkkSoyWw1rk";"2025-05-11 19:19:18.000";"QUE ALÍVIO!!  Surge um grande nome para salvar a DIREITA no Brasil. Obrigado ESTADÃO!!
QUE ALÍVIO!!  Surge um grande nome para salvar a DIREITA no Brasil. Obrigado ESTADÃO!!

?? Transforme seu Instagram em uma máquina de seguidores e vendas! Clique no link abaixo e destrave agora!
https://academiagayer.com.br/
https://academiagayer.com.br/ 

Me siga também no Instagram:  ??????
https://www.instagram.com/gusgayer/

Entrem no grupo do Telegram:  https://t.me/joinchat/Odbt4Rfd5djLjnjH2Uc4Lw";"Gustavo Gayer";deputado;"Oposição";PL;109304;0;739237
YOUTUBE;"http://www.youtube.com/watch?v=AiI-oicU_jo";"2025-06-01 15:19:12.000";"URGENTE!Saiu o nome de Senador que pode estar envolvido no ESCÂNDALO do INSS
URGENTE!Saiu o nome de Senador que pode estar envolvido no ESCÂNDALO do INSS 

?? MEGA PROMO GAZETA! ?? Um ano de acesso ao melhor jornal do Brasil, com 70% de desconto. Faça já a sua assinatura anual por apenas R$ 8,25 ao mês, acesse agora e junte-se a quem escolheu se informar com a verdade: gazetadopovo.com.br/gustavogayer
gazetadopovo.com.br/gustavogayer
gazetadopovo.com.br/gustavogayer

Me siga também no Instagram:  ??????
https://www.instagram.com/gusgayer/

Entrem no grupo do Telegram:  https://t.me/joinchat/Odbt4Rfd5djLjnjH2Uc4Lw";"Gustavo Gayer";deputado;"Oposição";PL;108967;0;620980
YOUTUBE;"http://www.youtube.com/watch?v=YHTEUjerEVQ";"2025-05-22 15:12:15.000";"ACABOU PARA BOLSONARO! Moraes finalmente consegue uma ""testemunha"" para falar o que ele quer
ACABOU PARA BOLSONARO! Moraes finalmente consegue uma ""testemunha"" para falar o que ele quer

?? Transforme seu Instagram em uma máquina de seguidores e vendas! Clique no link abaixo e destrave agora!
?????? https://academiagayer.com.br/curso-instagram/
?????? https://academiagayer.com.br/curso-instagram/

Me siga também no Instagram:  ??????
https://www.instagram.com/gusgayer/

Entrem no grupo do Telegram:  https://t.me/joinchat/Odbt4Rfd5djLjnjH2Uc4Lw";"Gustavo Gayer";deputado;"Oposição";PL;104463;0;712260
YOUTUBE;"http://www.youtube.com/watch?v=_nJ0NwS0Fpo";"2025-04-13 15:15:14.000";"URGENTE! STF ameaça LULA para retirar assinaturas da ANISTIA. Viva a democracia!!!
URGENTE! STF ameaça LULA para retirar assinaturas da ANISTIA. Viva a democracia!!!

?? Transforme seu Instagram em uma máquina de seguidores e vendas! Clique no link abaixo e destrave agora!
https://academiagayer.com.br/
https://academiagayer.com.br/ 

Me siga também no Instagram:  ??????
https://www.instagram.com/gusgayer/

Entrem no grupo do Telegram:  https://t.me/joinchat/Odbt4Rfd5djLjnjH2Uc4Lw";"Gustavo Gayer";deputado;"Oposição";PL;102100;0;693438
YOUTUBE;"http://www.youtube.com/watch?v=-69Dea3VetE";"2025-05-28 05:33:22.000";"(Ao Vivo) Oração da Manhã de Hoje  ?? Para Deus Trazer Vitória | 28 DE MAIO
?? Bom dia! Prepare-se para receber uma poderosa revelação ??

Nesta oração da manhã de hoje, 28 de Maio, compartilho uma mensagem profética que vai transformar sua vida. Comece seu dia com fé, esperança e a certeza de que Deus está preparando uma grande bênção para você!

#FabioTeruelManhã #Oração28/05";"Fábio Teruel";deputado;Centro;MDB;99205;0;136604
YOUTUBE;"http://www.youtube.com/watch?v=6mEYZHXSrFI";"2025-05-20 17:19:25.000";"PQP!!! ASSISTA ISSO! Advogado destroi narrativa do Moraes e envergonha o STF. ÉPICO!!
PQP!!! ASSISTA ISSO! Advogado destroi narrativa do Moraes e envergonha o STF. ÉPICO!!

?? Transforme seu Instagram em uma máquina de seguidores e vendas! Clique no link abaixo e destrave agora!
?????? https://academiagayer.com.br/curso-instagram/
?????? https://academiagayer.com.br/curso-instagram/

Me siga também no Instagram:  ??????
https://www.instagram.com/gusgayer/

Entrem no grupo do Telegram:  https://t.me/joinchat/Odbt4Rfd5djLjnjH2Uc4Lw";"Gustavo Gayer";deputado;"Oposição";PL;99011;0;643034
YOUTUBE;"http://www.youtube.com/watch?v=6w8fX2QXbgk";"2025-05-09 12:38:19.000";"URGENTE - MORAES vota para ignorar 315 deputados e continuar com a perseguição ao Bolsonaro
URGENTE - MORAES vota para ignorar 315 deputados e continuar com a perseguição ao Bolsonaro

?? Transforme seu Instagram em uma máquina de seguidores e vendas! Clique no link abaixo e destrave agora!
https://academiagayer.com.br/
https://academiagayer.com.br/ 

Me siga também no Instagram:  ??????
https://www.instagram.com/gusgayer/

Entrem no grupo do Telegram:  https://t.me/joinchat/Odbt4Rfd5djLjnjH2Uc4Lw";"Gustavo Gayer";deputado;"Oposição";PL;95820;0;640586
YOUTUBE;"http://www.youtube.com/watch?v=8GLqAX4lRmw";"2025-05-29 19:27:09.000";"URGENTE! A ""DAMA"" do LULA acaba de ser presa. Mais uma vergonha para esse governo
URGENTE! ""Dama"" do LULA é presa e governo passa mais vergonha

?? MEGA PROMO GAZETA! ?? Um ano de acesso ao melhor jornal do Brasil, com 70% de desconto. Faça já a sua assinatura anual por apenas R$ 8,25 ao mês, acesse agora e junte-se a quem escolheu se informar com a verdade: gazetadopovo.com.br/gustavogayer
gazetadopovo.com.br/gustavogayer
gazetadopovo.com.br/gustavogayer

Me siga também no Instagram:  ??????
https://www.instagram.com/gusgayer/

Entrem no grupo do Telegram:  https://t.me/joinchat/Odbt4Rfd5djLjnjH2Uc4Lw";"Gustavo Gayer";deputado;"Oposição";PL;95811;0;549618
YOUTUBE;"http://www.youtube.com/watch?v=URLwgAe6Y1c";"2025-05-16 11:52:34.000";"URGENTE! VAZA CONVERSA ENTRE PAULO FIGUEIREDO E MAURO CID NO DIA 8 DE JANEIRO
URGENTE! VAZA CONVERSA ENTRE PAULO FIGUEIREDO E MAURO CID NO DIA 8 DE JANEIRO

?? Transforme seu Instagram em uma máquina de seguidores e vendas! Clique no link abaixo e destrave agora!
https://academiagayer.com.br/
https://academiagayer.com.br/ 

Me siga também no Instagram:  ??????
https://www.instagram.com/gusgayer/

Entrem no grupo do Telegram:  https://t.me/joinchat/Odbt4Rfd5djLjnjH2Uc4Lw";"Gustavo Gayer";deputado;"Oposição";PL;95709;0;563905
YOUTUBE;"http://www.youtube.com/watch?v=-NrQSt8CRis";"2025-05-03 20:18:48.000";"SIM! ELA DISSE ISSO! - Carmén Lúcia admite que Moraes é um ditador em evento
SIM! ELA DISSE ISSO! - Carmén Lúcia admite que Moraes é um ditador em evento 

?? Transforme seu Instagram em uma máquina de seguidores e vendas! Clique no link abaixo e destrave agora!
https://academiagayer.com.br/
https://academiagayer.com.br/ 

Me siga também no Instagram:  ??????
https://www.instagram.com/gusgayer/

Entrem no grupo do Telegram:  https://t.me/joinchat/Odbt4Rfd5djLjnjH2Uc4Lw";"Gustavo Gayer";deputado;"Oposição";PL;95623;0;554400
YOUTUBE;"http://www.youtube.com/watch?v=ocdc7YnnIj8";"2025-05-19 10:50:44.000";"Zero surpresa - Saiu a lista dos deputados que ajudaram a criar o Escândalo do INSS
Zero surpresa - Saiu a lista dos deputados que ajudaram a criar o Escândalo do INSS

?? Transforme seu Instagram em uma máquina de seguidores e vendas! Clique no link abaixo e destrave agora!
?????? https://academiagayer.com.br/curso-instagram/
?????? https://academiagayer.com.br/curso-instagram/

Me siga também no Instagram:  ??????
https://www.instagram.com/gusgayer/

Entrem no grupo do Telegram:  https://t.me/joinchat/Odbt4Rfd5djLjnjH2Uc4Lw";"Gustavo Gayer";deputado;"Oposição";PL;90683;0;644320
YOUTUBE;"http://www.youtube.com/watch?v=7QpT8QTgf4w";"2025-05-16 05:32:34.000";"Oração Mãe de Deus PASSA NA FRENTE
Comece a sua manhã colocando o seu dia nas mãos de Deus. 

ORE AGORA e receba sua VITÓRIA!

Dia 16 de Maio de 2025



#FabioTeruelManhã #Oração16/05";"Fábio Teruel";deputado;Centro;MDB;89258;0;119516
YOUTUBE;"http://www.youtube.com/watch?v=vmB29-nh-Bc";"2025-06-03 13:12:08.000";"URGENTE - Carla Zambelli foge do Brasil e grava um vídeo emocionada
URGENTE - Carla Zambelli foge do Brasil e grava um vídeo emocionada


?? Transforme seu Instagram em uma máquina de seguidores e vendas! Clique no link abaixo e destrave agora!
?????? https://academiagayer.com.br/curso-instagram/
?????? https://academiagayer.com.br/curso-instagram/

Me siga também no Instagram:  ??????
https://www.instagram.com/gusgayer/

Entrem no grupo do Telegram:  https://t.me/joinchat/Odbt4Rfd5djLjnjH2Uc4Lw";"Gustavo Gayer";deputado;"Oposição";PL;88918;0;453738
YOUTUBE;"http://www.youtube.com/watch?v=rDerHnff8Ug";"2025-05-30 12:16:26.000";"ESCALOU! MORAES recebe carta do Departamento da JUSTIÇA dos EUA
ESCALOU! MORAES recebe carta do Departamento da JUSTIÇA dos EUA

?? MEGA PROMO GAZETA! ?? Um ano de acesso ao melhor jornal do Brasil, com 70% de desconto. Faça já a sua assinatura anual por apenas R$ 8,25 ao mês, acesse agora e junte-se a quem escolheu se informar com a verdade: gazetadopovo.com.br/gustavogayer
gazetadopovo.com.br/gustavogayer
gazetadopovo.com.br/gustavogayer

Me siga também no Instagram:  ??????
https://www.instagram.com/gusgayer/

Entrem no grupo do Telegram:  https://t.me/joinchat/Odbt4Rfd5djLjnjH2Uc4Lw";"Gustavo Gayer";deputado;"Oposição";PL;88346;0;511595
YOUTUBE;"http://www.youtube.com/watch?v=trr91slhZ9k";"2025-06-06 20:14:26.000";"EMPAREDADO! Ministro do STF admite que Moraes está emparedado para Daniela Lima
EMPAREDADO! Ministro do STF admite que Moraes está emparedado para Daniela Lima

?? Transforme seu Instagram em uma máquina de seguidores e vendas! Clique no link abaixo e destrave agora!
?????? https://academiagayer.com.br/curso-instagram/
?????? https://academiagayer.com.br/curso-instagram/

Me siga também no Instagram:  ??????
https://www.instagram.com/gusgayer/

Entrem no grupo do Telegram:  https://t.me/joinchat/Odbt4Rfd5djLjnjH2Uc4Lw";"Gustavo Gayer";deputado;"Oposição";PL;88263;0;607374
YOUTUBE;"http://www.youtube.com/watch?v=sS_WqqM3z6s";"2025-04-19 17:50:07.000";"Lindo demais!  - ""Intelectual"" da esquerda leva surra de uma das mentes mais brilhantes da DIREITA
Lindo demais!  - ""Intelectual"" da esquerda leva surra de uma das mentes mais brilhantes da DIREITA

?? Transforme seu Instagram em uma máquina de seguidores e vendas! Clique no link abaixo e destrave agora!
https://academiagayer.com.br/
https://academiagayer.com.br/ 

Me siga também no Instagram:  ??????
https://www.instagram.com/gusgayer/

Entrem no grupo do Telegram:  https://t.me/joinchat/Odbt4Rfd5djLjnjH2Uc4Lw";"Gustavo Gayer";deputado;"Oposição";PL;88193;0;513575
YOUTUBE;"http://www.youtube.com/watch?v=aT1AAjbtkRU";"2025-05-22 12:15:24.000";"Ví e não acreditei - Comentarista da GLOBO defende punição contra Moraes ao VIVO
Ví e não acreditei - Comentarista da GLOBO defende punição contra Moraes ao VIVO 

?? Transforme seu Instagram em uma máquina de seguidores e vendas! Clique no link abaixo e destrave agora!
?????? https://academiagayer.com.br/curso-instagram/
?????? https://academiagayer.com.br/curso-instagram/

Me siga também no Instagram:  ??????
https://www.instagram.com/gusgayer/

Entrem no grupo do Telegram:  https://t.me/joinchat/Odbt4Rfd5djLjnjH2Uc4Lw";"Gustavo Gayer";deputado;"Oposição";PL;88159;0;734873
YOUTUBE;"http://www.youtube.com/watch?v=ykz80mJw9jU";"2025-04-30 17:57:05.000";"Fui ao INSS com camisa da seleção vermelha para mostrar que aposentados estão no vermelho.
";Cleitinho;senador;Centro;REPUBLICANOS;88006;1291658;1291658
YOUTUBE;"http://www.youtube.com/watch?v=l3IkTNrCk6A";"2025-05-07 06:00:07.000";"07 de Maio - Oração da Manhã de Hoje (Forte) ?? Para Deus Trazer Vitória
?? Bom dia! Prepare-se para receber uma poderosa revelação ??

Nesta oração da manhã de hoje, 7 de Maio, compartilho uma mensagem profética que vai transformar sua vida. Comece seu dia com fé, esperança e a certeza de que Deus está preparando uma grande bênção para você!

#FabioTeruelManhã #Oração07/05";"Fábio Teruel";deputado;Centro;MDB;87923;0;112130
YOUTUBE;"http://www.youtube.com/watch?v=qoAAx9Nm7PU";"2025-04-28 05:33:53.000";"28 de Abril - A Melhor Oração Para Começar o Seu Dia
Comece a sua manhã colocando o seu dia nas mãos de Deus. 

ORE AGORA e receba sua VITÓRIA!

#FabioTeruelManhã";"Fábio Teruel";deputado;Centro;MDB;87283;0;120614
YOUTUBE;"http://www.youtube.com/watch?v=PSjkvjYstq0";"2025-05-28 17:31:49.000";"MINISTRO DO ITAMARATY TEVE DE FICAR CALADO
";"Nikolas Ferreira";deputado;"Oposição";PL;87203;0;854186
YOUTUBE;"http://www.youtube.com/watch?v=dKo9uQEKyko";"2025-05-23 17:08:53.000";"JANJA DOBROU A APOSTA - JANJA se afunda ainda mais em outra entrevista. MEU DEUS!!!
JANJA DOBROU A APOSTA - JANJA se afunda ainda mais em outra entrevista. MEU DEUS!!!

?? Transforme seu Instagram em uma máquina de seguidores e vendas! Clique no link abaixo e destrave agora!
?????? https://academiagayer.com.br/curso-instagram/
?????? https://academiagayer.com.br/curso-instagram/

Me siga também no Instagram:  ??????
https://www.instagram.com/gusgayer/

Entrem no grupo do Telegram:  https://t.me/joinchat/Odbt4Rfd5djLjnjH2Uc4Lw";"Gustavo Gayer";deputado;"Oposição";PL;86960;0;680795
YOUTUBE;"http://www.youtube.com/watch?v=dUOLeI85cl8";"2025-04-15 12:19:02.000";"PQP COM ESSA GLOBO!!! CAMBADA DE DEMÔNIOS!! Zombando com a cirurgia do Bolsonaro?? Vão pro INFERNO!!
PQP COM ESSA GLOBO!!! CAMBADA DE DEMÔNIOS!! Zombando com a cirurgia do Bolsonaro?? Vão pro INFERNO!!

?? Transforme seu Instagram em uma máquina de seguidores e vendas! Clique no link abaixo e destrave agora!
https://academiagayer.com.br/
https://academiagayer.com.br/ 

Me siga também no Instagram:  ??????
https://www.instagram.com/gusgayer/

Entrem no grupo do Telegram:  https://t.me/joinchat/Odbt4Rfd5djLjnjH2Uc4Lw";"Gustavo Gayer";deputado;"Oposição";PL;86584;0;339139
YOUTUBE;"http://www.youtube.com/watch?v=umtbzlBjoHA";"2025-05-30 13:53:30.000";"URGENTE! Descobriram o MENSALÃO DO INSS para 15 deputados e senadores. PQP!!
URGENTE! Descobriram o MENSALÃO DO INSS para 15 deputados e senadores. PQP!!

?? MEGA PROMO GAZETA! ?? Um ano de acesso ao melhor jornal do Brasil, com 70% de desconto. Faça já a sua assinatura anual por apenas R$ 8,25 ao mês, acesse agora e junte-se a quem escolheu se informar com a verdade: gazetadopovo.com.br/gustavogayer
gazetadopovo.com.br/gustavogayer
gazetadopovo.com.br/gustavogayer

Me siga também no Instagram:  ??????
https://www.instagram.com/gusgayer/

Entrem no grupo do Telegram:  https://t.me/joinchat/Odbt4Rfd5djLjnjH2Uc4Lw";"Gustavo Gayer";deputado;"Oposição";PL;85023;0;538983
YOUTUBE;"http://www.youtube.com/watch?v=wu6hN3epGOo";"2025-04-12 11:08:31.000";"URGENTE - Moraes toma decisão mais absurda e descabida de todas.  Um tapa na cara!!
URGENTE - Moraes toma decisão mais absurda e descabida de todas.  Um tapa na cara!!

?? Transforme seu Instagram em uma máquina de seguidores e vendas! Clique no link abaixo e destrave agora!
https://academiagayer.com.br/
https://academiagayer.com.br/ 

Me siga também no Instagram:  ??????
https://www.instagram.com/gusgayer/

Entrem no grupo do Telegram:  https://t.me/joinchat/Odbt4Rfd5djLjnjH2Uc4Lw";"Gustavo Gayer";deputado;"Oposição";PL;84601;0;486419
YOUTUBE;"http://www.youtube.com/watch?v=J38cgP8OULk";"2025-04-14 05:42:28.000";"Oração do Dia | Para a chave?? virar e a porta se abrir | 14 DE ABRIL
Na nossa Oração de Hoje Deus vai virar a chave da tua vida e abrir portas que ninguém pode fechar ?? Comente “EU TOMO POSSE” se crê nessa palavra. 14 de Abrl de 2025.

#FabioTeruelManhã";"Fábio Teruel";deputado;Centro;MDB;83727;0;97544
YOUTUBE;"http://www.youtube.com/watch?v=GtzA_HrxoXU";"2025-04-29 06:00:06.000";"Oração da Manhã de Hoje (Forte) ?? Para Deus Trazer Vitória | 29 de Abril
?? Bom dia! Prepare-se para receber uma poderosa revelação ??

Nesta oração da manhã de hoje, 29 de abril, compartilho uma mensagem profética que vai transformar sua vida. Comece seu dia com fé, esperança e a certeza de que Deus está preparando uma grande bênção para você!

#FabioTeruelManhã";"Fábio Teruel";deputado;Centro;MDB;83660;0;107492
YOUTUBE;"http://www.youtube.com/watch?v=2XvGXl9F-Ec";"2025-05-12 19:30:56.000";"DIABÓLICO - LULA realmente desativou a tranposição do São Francisco para manter o povo na miséria
DIABÓLICO - LULA realmente desativou a tranposição do São Francisco para manter o povo na miséria 

?? Transforme seu Instagram em uma máquina de seguidores e vendas! Clique no link abaixo e destrave agora!
?????? https://academiagayer.com.br/curso-instagram/
?????? https://academiagayer.com.br/curso-instagram/

Me siga também no Instagram:  ??????
https://www.instagram.com/gusgayer/

Entrem no grupo do Telegram:  https://t.me/joinchat/Odbt4Rfd5djLjnjH2Uc4Lw";"Gustavo Gayer";deputado;"Oposição";PL;83458;0;377394
YOUTUBE;"http://www.youtube.com/watch?v=pvANr3nxdg8";"2025-05-07 05:38:37.000";"[AO VIVO]  Fábio Teruel com a Oração de Hoje ???? Quarta 7 de Maio
Comece a sua manhã colocando o seu dia nas mãos de Deus. 

ORE AGORA e receba sua VITÓRIA!

Dia 7 de Maio de 2025



#FabioTeruelManhã #Oração07/05";"Fábio Teruel";deputado;Centro;MDB;81809;0;103148
YOUTUBE;"http://www.youtube.com/watch?v=tIek6kadytU";"2025-04-20 17:50:36.000";"ENLOUQUECERAM! - LULA e Sidônio querem acabar com o BOLSA FAMÍLIA para melhorar a APROVAÇÃO.
ENLOUQUECERAM! - LULA e Sidônio querem acabar com o BOLSA FAMÍLIA para melhorar a APROVAÇÃO. 

?? Transforme seu Instagram em uma máquina de seguidores e vendas! Clique no link abaixo e destrave agora!
https://academiagayer.com.br/
https://academiagayer.com.br/ 

Me siga também no Instagram:  ??????
https://www.instagram.com/gusgayer/

Entrem no grupo do Telegram:  https://t.me/joinchat/Odbt4Rfd5djLjnjH2Uc4Lw";"Gustavo Gayer";deputado;"Oposição";PL;81803;0;546474
TWITTER;"http://x.com/758264276/status/1919893528747909576";"2025-05-06 20:14:21.000";"O maior escândalo da história do Brasil - veja até o final. https://t.co/T7MHTEHyiC";"Nikolas Ferreira";deputado;"Oposição";PL;228550;null;0
TWITTER;"http://x.com/631667943/status/1915479261521080394";"2025-04-24 15:53:38.000";"É a mais pura verdade ??❤️ https://t.co/ffbHkIpeMI";"Célio Studart";deputado;Centro;PSD;134809;null;0
TWITTER;"http://x.com/738143559920934912/status/1928125952602558650";"2025-05-29 13:27:04.000";"Quando PMs são presos por estup*ar uma jovem dentro da viatura, a Justiça Militar absolve.

Quando um juiz comete violência doméstica, é “punido” com a aposentadoria.

Quando um ex-presidente tenta um golpe de estado, tem deputado que quer até prender quem ousa investigá-lo. https://t.co/yrhloYfC3p";"Erika Hilton";deputado;Governo;PSOL;116909;null;0
TWITTER;"http://x.com/738143559920934912/status/1912478357670731872";"2025-04-16 09:09:07.000";"Sim, é verdade. Fui classificada como do ""sexo masculino"" pelo governo dos EUA quando fui tirar meu visto para ir à Brazil Conference, na Universidade de Harvard e no MIT.

Não me surpreende. Isso já está acontecendo nos documentos de pessoas trans dos EUA faz algumas semanas. https://t.co/LmpkZ7axHO";"Erika Hilton";deputado;Governo;PSOL;112102;null;0
TWITTER;"http://x.com/738143559920934912/status/1932120171352887393";"2025-06-09 13:58:40.000";"Se os filhos fossem responsáveis pelos crimes dos pais, metade dos gays do Brasil estariam presos por homofobia.

Não conversei com Oruam ontem por ser fã, por apoiar suas falas misóginas, seu pai ou seu tio.

Conversei porque ele prestou apoio à família de uma vítima da PM.";"Erika Hilton";deputado;Governo;PSOL;96588;null;0
TWITTER;"http://x.com/758264276/status/1919472925524078979";"2025-05-05 16:23:02.000";"O rombo no INSS que era 6, virou 90 bilhões. O Brasil inteiro saberá o que está acontecendo: o maior escândalo de corrupção da história do país.";"Nikolas Ferreira";deputado;"Oposição";PL;93302;null;0
TWITTER;"http://x.com/738143559920934912/status/1919152695694508160";"2025-05-04 19:10:33.000";"?? ABSURDO!

O homem acusado de ser líder do grupo que planejou um atentado terrorista no show da Lady Gaga foi solto pela justiça no Rio Grande do Sul após pagar fiança.

O grupo que ele liderava também promovia a pedofilia, a misoginia e a LGBTfobia por meio das redes sociais.";"Erika Hilton";deputado;Governo;PSOL;88269;null;0
TWITTER;"http://x.com/1108808595418816512/status/1916160344294072666";"2025-04-26 13:00:01.000";"Eles têm o poder de mudar a nossa vida, não é mesmo? ?? https://t.co/uwLoh38n93";"Delegado Bruno Lima";deputado;Centro;PP;78117;null;0
TWITTER;"http://x.com/758264276/status/1932972185393529205";"2025-06-11 22:24:16.000";"Como Baby Shark pode ter 15 bilhões de visualizações se só temos 8 bilhões de pessoas no mundo?";"Nikolas Ferreira";deputado;"Oposição";PL;77883;null;0
TWITTER;"http://x.com/738143559920934912/status/1934358120576291317";"2025-06-15 18:11:29.000";"Essa semana, um comentário meu virou trending topic, manchete, desinformação e até teoria de conspiração. Tudo ao mesmo tempo.

O que aconteceu: Oruam foi ao Morro de Santo Amaro protestar ao lado da comunidade onde o jovem Herus foi assassinado pela polícia em uma festa junina. https://t.co/ZrpFWrc7CK";"Erika Hilton";deputado;Governo;PSOL;76580;null;0
TWITTER;"http://x.com/758264276/status/1913945889674055718";"2025-04-20 10:20:34.000";"Barroso nega ter dito 'derrotamos o bolsonarismo'. Em vídeo, Barroso desmente Barroso. https://t.co/IYybvJ1PXA";"Nikolas Ferreira";deputado;"Oposição";PL;75685;null;0
TWITTER;"http://x.com/758264276/status/1920254272542822788";"2025-05-07 20:07:49.000";"Já se passaram 48 hrs… https://t.co/suJXQ6glf0";"Nikolas Ferreira";deputado;"Oposição";PL;72586;null;0
TWITTER;"http://x.com/758264276/status/1929953456246157764";"2025-06-03 14:28:55.000";"Brasil é o país que leva piada a sério e política na brincadeira.";"Nikolas Ferreira";deputado;"Oposição";PL;71704;null;0
TWITTER;"http://x.com/758264276/status/1912493928516890684";"2025-04-16 10:10:59.000";"É só cancelar, amigue. https://t.co/46W060BYdz";"Nikolas Ferreira";deputado;"Oposição";PL;70429;null;0
TWITTER;"http://x.com/738143559920934912/status/1931802533447549271";"2025-06-08 16:56:29.000";"@mauro_davi6 Oi Oruam!

Muita gente já te indicou leituras importantes, mas a transformação vem, principalmente, da organização coletiva. Não existe saída individual pra problemas que são estruturais.

Minha sugestão é que você se conecte com quem já constrói essa luta há anos, com coragem e";"Erika Hilton";deputado;Governo;PSOL;69871;null;0
TWITTER;"http://x.com/758264276/status/1920642816729878867";"2025-05-08 21:51:45.000";"Um vídeo incomoda mais o governo do que a fraude bilionária do INSS. Fica na sua, Bessias. Se não eu faço um vídeo contando seu histórico. https://t.co/jUdUmFQT7Q";"Nikolas Ferreira";deputado;"Oposição";PL;66733;null;0
TWITTER;"http://x.com/758264276/status/1920232150387077242";"2025-05-07 18:39:55.000";"Governo está estudando uma reação ao meu vídeo? Vão colocar colocar um deputade pra me rebater e repetir o fracasso de novo? Vou sugerir uma solução: prender os envolvidos e devolver o dinheiro para as vítimas. O que passar disso é a prova de que não querem resolver porcaria";"Nikolas Ferreira";deputado;"Oposição";PL;66345;null;0
TWITTER;"http://x.com/40053694/status/1917306108735115371";"2025-04-29 16:52:52.000";"Boa notícia: meu pai retirou hoje a sonda nasogástrica que servia para extrair líquido do seu estômago. Amém! 
@jairbolsonaro https://t.co/y2FooQOL08";"Flávio Bolsonaro";senador;"Oposição";PL;65785;null;0
TWITTER;"http://x.com/758264276/status/1930037515907371268";"2025-06-03 20:02:56.000";"Resumo de hoje. https://t.co/Niwv7IYNRE";"Nikolas Ferreira";deputado;"Oposição";PL;65189;null;0
TWITTER;"http://x.com/758264276/status/1920166262719545547";"2025-05-07 14:18:06.000";"“Vai ficar fazendo só videozinho?”, uns poucos dizem. Um vídeo já fez eles recuarem no passado. E agora, continua atormentando o governo mais corrupto da história do nosso país. Continuaremos. Quem durar mais, vence. https://t.co/tgN29FkCRl";"Nikolas Ferreira";deputado;"Oposição";PL;64195;null;0
TWITTER;"http://x.com/758264276/status/1915878000765161627";"2025-04-25 18:18:05.000";"A Débora acaba de ser condenada a 14 anos de prisão por pichar uma estátua com batom. O Brasil é dominado por canalhas. A solução é esperar um presidente dissolver essa corte política, convocar concurso público e eleger novos ministros. Até lá, não tem o que fazer. As";"Nikolas Ferreira";deputado;"Oposição";PL;63301;null;0
TWITTER;"http://x.com/758264276/status/1915154643975352514";"2025-04-23 18:23:43.000";"Hoje foi revelado um escândalo envolvendo o desconto indevido de R$ 6,3 bilhões dos benefícios de aposentados e pensionistas do INSS. Milhares de brasileiros tiveram valores descontados sem autorização, com uso de assinaturas falsificadas e a participação direta de sindicatos.";"Nikolas Ferreira";deputado;"Oposição";PL;62306;null;0
TWITTER;"http://x.com/738143559920934912/status/1915148015259746472";"2025-04-23 17:57:23.000";"Está certíssimo o STF em intimar o inelegível Bolsonaro no hospital.

Se ele aguenta fazer live, dar entrevista pra TV e receber visita do Valdemar Costa Neto dentro do hospital, ele aguenta uma visitinha surpresa da Oficial de Justiça.

E que pare de mimimi.";"Erika Hilton";deputado;Governo;PSOL;62143;null;0
TWITTER;"http://x.com/758264276/status/1919959710779711515";"2025-05-07 00:37:20.000";"Lula se pronunciou e disse que o irmão não é dele e sim do bolsonaro";"Nikolas Ferreira";deputado;"Oposição";PL;60655;null;0
TWITTER;"http://x.com/738143559920934912/status/1932408763912212527";"2025-06-10 09:05:26.000";"?? Estou denunciando ao Ministério Público o homem que atacou um casal de mulheres, na frente do filho delas, em um mercado em BH.

Paulo Henrique Mariano, de 35 anos, foi gravado cometendo um crime e o admitiu para a polícia no próprio mercado. E a polícia deixou ele ir embora. https://t.co/C7SuZHsrUd";"Erika Hilton";deputado;Governo;PSOL;59840;null;0
TWITTER;"http://x.com/738143559920934912/status/1912293519906988061";"2025-04-15 20:54:38.000";"?? URGENTE: PM DE SP FAZ SAUDAÇÃO NAZ*STA

Recebo, estarrecida, a notícia de que um perfil oficial da PM de São Paulo publicou um vídeo no qual os policiais fazem um ""ritual"" com referências naz*stas.

No vídeo, os PMs fazem a saudação naz*sta em frente a uma cruz em chamas. https://t.co/fd7CRLGS0X";"Erika Hilton";deputado;Governo;PSOL;59761;null;0
TWITTER;"http://x.com/738143559920934912/status/1915564057840542040";"2025-04-24 21:30:35.000";"TCHAU, QUERIDO!

O Ministro Alexandre de Moraes acaba de determinar a PRISÃO IMEDIATA do ex-Presidente Fernando Collor de Mello.

Collor havia sido condenado a 8 anos e 10 meses de prisão em 2023 por corrupção passiva e lavagem de dinheiro, e hoje teve seu recurso ao STF negado.";"Erika Hilton";deputado;Governo;PSOL;58923;null;0
TWITTER;"http://x.com/758264276/status/1922055495088799995";"2025-05-12 19:25:14.000";"Em uma aula magna realizada no Maranhão sobre “STF e harmonia entre os poderes”, Flávio Dino sugeriu os nomes dos candidatos para a chapa de Governador e Vice do Estado. Para não dizer que estou “criando caso”, o atual Governador do Estado publicou uma nota dizendo que “Esse não";"Nikolas Ferreira";deputado;"Oposição";PL;57483;null;0
TWITTER;"http://x.com/758264276/status/1920128575539146787";"2025-05-07 11:48:21.000";"Quem deve, teme. https://t.co/4JWqGQuYiZ";"Nikolas Ferreira";deputado;"Oposição";PL;57097;null;0
TWITTER;"http://x.com/758264276/status/1930317831171707241";"2025-06-04 14:36:49.000";"A Constituição só permite a prisão de deputados em caso de flagrante de crime inafiançável — e ainda assim, determina que a Câmara dos Deputados decida sobre a legalidade da prisão em até 24 horas. Mesmo assim, o ministro Alexandre de Moraes decretou a prisão preventiva da";"Nikolas Ferreira";deputado;"Oposição";PL;56957;null;0
TWITTER;"http://x.com/758264276/status/1924511840035287406";"2025-05-19 14:05:53.000";"Que se dane bebe reborn, o mundo já está imbecil e não é surpresa pra ninguém. Sabe o que impacta mesmo o país? Idosos e doentes que foram roubados até o talo. 

Escândalo do INSS. Não parem de falar disso.";"Nikolas Ferreira";deputado;"Oposição";PL;56858;null;0
TWITTER;"http://x.com/738143559920934912/status/1929899353751134585";"2025-06-03 10:53:56.000";"Carla Zambelli não ""deixou o Brasil"" como dizem as manchetes. É bem pior. 

Se trata de uma pessoa condenada a 10 anos de prisão por falsidade ideológica e por invadir o sistema e adulterar documentos do CNJ.

O que Carla Zambelli fez foi fugir da justiça brasileira.";"Erika Hilton";deputado;Governo;PSOL;56512;null;0
TWITTER;"http://x.com/758264276/status/1927476011244880301";"2025-05-27 18:24:26.000";"Enquanto Eduardo Bolsonaro é perseguido pela PGR e STF por cumprir seu dever como deputado e denunciar abusos cometidos no Brasil ao governo americano, Janja – sem nenhum cargo público ou diplomático – pede ao regime chinês a censura de brasileiros no TikTok… e nada acontece.";"Nikolas Ferreira";deputado;"Oposição";PL;56418;null;0
TWITTER;"http://x.com/758264276/status/1910847328400834874";"2025-04-11 21:07:59.000";"Moraes concede prisão domiciliar para Chiquinho Brazão, acusado de mandar matar Marielle, por conta de problemas de saúde. Faço questão de lembrar que Clezão não teve o mesmo direito.";"Nikolas Ferreira";deputado;"Oposição";PL;55301;null;0
TWITTER;"http://x.com/758264276/status/1915131755776139382";"2025-04-23 16:52:46.000";"Quem poderia imaginar? https://t.co/2x0V5rRM9v";"Nikolas Ferreira";deputado;"Oposição";PL;54930;null;0
TWITTER;"http://x.com/758264276/status/1910696460342927598";"2025-04-11 11:08:29.000";"Se lascou também. https://t.co/8pb7Rsad2W";"Nikolas Ferreira";deputado;"Oposição";PL;54355;null;0
TWITTER;"http://x.com/738143559920934912/status/1930711701214630149";"2025-06-05 16:41:55.000";"Após brigar com Donald Trump, Elon Musk acaba de afirmar que o nome do presidente dos EUA consta nos documentos apreendidos com Jeffrey Epstein, que comandava um esquema de exploração e tráfico sexual, inclusive de crianças.

Os documentos indicariam os “clientes” de Epstein. https://t.co/1sBUoCqxhu";"Erika Hilton";deputado;Governo;PSOL;54058;null;0
TWITTER;"http://x.com/758264276/status/1919780894153290125";"2025-05-06 12:46:47.000";"Me impressiona a maioria das lideranças cristãs no Brasil simplesmente estarem caladas frente a todos os escândalos desse Governo. Idosos sendo roubados, milhões de vítimas e vidas sendo destruídas e não há compaixão? Não merecem a devida atenção? Que recado estão dando para o";"Nikolas Ferreira";deputado;"Oposição";PL;53653;null;0
TWITTER;"http://x.com/758264276/status/1917624737624113428";"2025-04-30 13:58:59.000";"https://t.co/H0i21TzVM7";"Nikolas Ferreira";deputado;"Oposição";PL;53328;null;0
TWITTER;"http://x.com/758264276/status/1931357737985949729";"2025-06-07 11:29:02.000";"Que homem sortudo!!!! https://t.co/JyytZoEIi1";"Nikolas Ferreira";deputado;"Oposição";PL;53209;null;0
TWITTER;"http://x.com/758264276/status/1922321218574676475";"2025-05-13 13:01:08.000";"O BOPE é um dos raros resquícios de orgulho desse Estado fadado ao fracasso. https://t.co/VsFNSAXqNE";"Nikolas Ferreira";deputado;"Oposição";PL;53159;null;0
TWITTER;"http://x.com/758264276/status/1920287679930863845";"2025-05-07 22:20:34.000";"Entramos na justiça e agora ele terá de explicar em 48hrs. Estamos no aguardo ????

https://t.co/mHmIPfnqTb https://t.co/JP2qxU93lJ";"Nikolas Ferreira";deputado;"Oposição";PL;51913;null;0
TWITTER;"http://x.com/758264276/status/1915164447171035193";"2025-04-23 19:02:40.000";"Alguns pontos: 
se fosse um bosta de um traficante, a mídia trataria essa cena como desumana.
O medo dela ao citar quem mandou ela fazer isso: Moraes.
Eu nunca vi alguém ser intimado nessas condições. Ninguém. https://t.co/vrgkXB1JTE";"Nikolas Ferreira";deputado;"Oposição";PL;51414;null;0
TWITTER;"http://x.com/758264276/status/1924504564444631127";"2025-05-19 13:36:58.000";"Ninguém pode calar a Janja, mas ela pode querer calar um país inteiro. Vá caçar um serviço, sô";"Nikolas Ferreira";deputado;"Oposição";PL;51153;null;0
TWITTER;"http://x.com/758264276/status/1921353471590027750";"2025-05-10 20:55:39.000";"Esse é o medo da esquerda: conhecimento. https://t.co/OuXdZv1qtn";"Nikolas Ferreira";deputado;"Oposição";PL;50563;null;0
TWITTER;"http://x.com/758264276/status/1932855921337622553";"2025-06-11 14:42:17.000";"Condenado por Rachadinha? Roubo de velhinhos? Dólar na cueca? Não. Por opinião. Chamei XY de homem. https://t.co/BkI1WPoNZH";"Nikolas Ferreira";deputado;"Oposição";PL;49653;null;0
TWITTER;"http://x.com/738143559920934912/status/1932407284396892592";"2025-06-10 08:59:33.000";"bora pra luta…
bom dia ☀️ https://t.co/7WDAXYCbIA";"Erika Hilton";deputado;Governo;PSOL;49649;null;0
TWITTER;"http://x.com/738143559920934912/status/1923446051115069809";"2025-05-16 15:30:49.000";"@viniciuxsz Sim, 11 mil casamentos. 22 mil pessoas mais felizes, realizadas e exercendo seu direito constitucional à não discriminação.

Pessoas que estão amando, livremente, ao invés de serem amarguradas na internet, por exemplo.";"Erika Hilton";deputado;Governo;PSOL;49358;null;0
TWITTER;"http://x.com/758264276/status/1924812692142821418";"2025-05-20 10:01:21.000";"O cara cospe na constituição, chama o tribunal de seu e o Senado caladinho. Era um impeachment pra esse mimado ficar no lugar dele. https://t.co/uUdJ3ew5ov";"Nikolas Ferreira";deputado;"Oposição";PL;48759;null;0
TWITTER;"http://x.com/758264276/status/1911859595460423860";"2025-04-14 16:10:22.000";"Moraes articulando com classe política sobre Anistia, Ministros de Lula apostando que o  STF pode salvar Glauber. Onde está o Senado? Onde?";"Nikolas Ferreira";deputado;"Oposição";PL;48630;null;0
TIKTOK;"https://www.tiktok.com/@nikolasferreiradm/video/7501482462573317431";"2025-05-06 20:43:15.000";"O maior escândalo da história do Brasil - veja até o final.";"Nikolas Ferreira";deputado;"Oposição";PL;926700;null;4600000
TIKTOK;"https://www.tiktok.com/@delegadopalumbooficial/video/7512860956179893510";"2025-06-06 12:37:36.000";"SEXTOU! DIA DE BLITZ!  A maioria  dos pátios não abrem de fds e feriado e isso  é um prato cheio para o ESTADO GULOSÃO fazer  blitz e apreender carros e motos  de trabalhador em horário comercial.  Tenho projeto de lei para acabar com isso!  O sistema ferr4 vc? Nos ferram0s o sistema  @Projeto Cidadão do Bem ";"Delegado Palumbo";deputado;Centro;MDB;727900;null;12800000
TIKTOK;"https://www.tiktok.com/@carlazambelli22/video/7501282829062376709";"2025-05-06 07:48:35.000";"""Basta trazer um sorriso"" me pegou :)?? Ele perdeu a esposa no último ano, estava sozinho e resolveu fazer essa confraternização. @meeesher é a moça que fez o vídeo. #repost @mktamanda";"Carla Zambelli";deputado;"Oposição";PL;705987;null;3900000
TIKTOK;"https://www.tiktok.com/@nikolasferreiradm/video/7515204772769615110";"2025-06-12 20:12:49.000";"Brasil, 2025.";"Nikolas Ferreira";deputado;"Oposição";PL;647600;null;5200000
TIKTOK;"https://www.tiktok.com/@coronel.chrisostomo/video/7501484694874164486";"2025-05-06 20:51:54.000";"Precisamos com URGÊNCIA ??, instalar a CPI do roubo dos aposentados. O impunes não podem continuar livres! Em nome de cada trabalhador brasileiro aposentado, a sua ajuda e apoio serão muito importante para avançarmos. Chega de assistirmos o Brasil sangrar nas mãos de quem carrega em seu histórico a corrupção!!! Repost @nikolasferreiradm";"Coronel Chrisóstomo";deputado;"Oposição";PL;447144;null;2600000
TIKTOK;"https://www.tiktok.com/@nikolasferreiradm/video/7502476556955143479";"2025-05-09 13:00:51.000";"Fim de papo ????";"Nikolas Ferreira";deputado;"Oposição";PL;394713;null;2300000
TIKTOK;"https://www.tiktok.com/@erikahiltonsp/video/7509623913295514886";"2025-05-28 19:16:16.000";"✊?? VIVA MARINA SILVA! Pude estar hoje com a nossa Ministra do Meio Ambiente, Marina Silva, que ontem foi novamente alvo de ataques, do machismo e da brutalidade que tem dominado nosso Congresso. Marina Silva não foi atacada por ter posições políticas diferentes dos senadores. Ela foi atacada por sua integridade. E nota-se que o que tentaram ferir, em vão, é justamente essa integridade. Pois Marina é alguém que não se cala perante o avanço do PL da Devastação, não se cala perante as organizações criminosas dos garimpos e das queimadas na Amazônia, não se cala perante a destruição dos nossos outros biomas.  Assim como não se calou quando um dos senadores que a atacou disse, em março, querer enforcá-la. E ontem, os senadores Marcos Rogério (PL) e Plínio Valério (PSDB) se depararam com uma mulher, Ministra de Estado, defensora do meio ambiente, com mais integridade do que bancadas partidárias inteiras e não souberam como agir. Lhes restou a violência. E o povo do nosso país se deparou com o nosso senado se apequenando pela segunda semana seguida, enquanto Marina mostrou-se a gigante que é e que sempre foi. Viva Marina Silva, viva o nosso meio ambiente e NÃO ao PL da Devastação!";"Erika Hilton";deputado;Governo;PSOL;360467;null;1600000
TIKTOK;"https://www.tiktok.com/@tiriricanaweb/video/7492035321576590597";"2025-04-11 09:43:33.000";"Coisas que os ricos roubaram dos pobres?????? #tiririca #viral #humor #comedia ";Tiririca;deputado;"Oposição";PL;314700;null;3000000
TIKTOK;"https://www.tiktok.com/@erikahiltonsp/video/7495859040904383799";"2025-04-21 17:01:32.000";"É preciso estar atento e forte….";"Erika Hilton";deputado;Governo;PSOL;297943;null;1600000
TIKTOK;"https://www.tiktok.com/@nikolasferreiradm/video/7497643043537947909";"2025-04-26 12:24:21.000";"A melhor decisão da minha vida… te amar!  ";"Nikolas Ferreira";deputado;"Oposição";PL;230134;null;996700
TIKTOK;"https://www.tiktok.com/@andrejanones/video/7496969544922074373";"2025-04-24 16:50:49.000";"??Roubo no INSS, descubra TODA a verdade de quem está roubando aposentadoria! Bolsonaro roubou o INSS e Lula mandou investigar tudo e acabou com essa SACANAGEM!  #bolsonaro #lula #inss #aposentadoria #dinheiro #roubo #brasil ";"André Janones";deputado;Centro;AVANTE;200100;null;1600000
TIKTOK;"https://www.tiktok.com/@celiostudart/video/7495810481274375429";"2025-04-21 13:53:07.000";"Um exemplo que deixa um legado de sabedoria, humildade e respeito. #papa #papafrancisco #pope #popefrancis #pet #dog ";"Célio Studart";deputado;Centro;PSD;176841;null;2400000
TIKTOK;"https://www.tiktok.com/@cleitinho.oficial/video/7506564371758222598";"2025-05-20 13:23:41.000";"Urgente! Tentaram me impedir de mostrar os carros luxuosos que foram roubados dos aposentado INSS!";Cleitinho;senador;Centro;REPUBLICANOS;172942;null;1700000
TIKTOK;"https://www.tiktok.com/@nikolasferreiradm/video/7515075897628642565";"2025-06-12 11:52:43.000";"Fica a dica ????♥️";"Nikolas Ferreira";deputado;"Oposição";PL;159873;null;1300000
TIKTOK;"https://www.tiktok.com/@delegadopalumbooficial/video/7505153645487361335";"2025-05-16 18:09:19.000";"Quando acharem os “noias” levem para a casa de vocês!";"Delegado Palumbo";deputado;Centro;MDB;155243;null;1500000
TIKTOK;"https://www.tiktok.com/@taliriapetrone/video/7514401967003733254";"2025-06-10 16:17:32.000";"Golpista pra sua claque, bom moço no banco dos réus.  #fy #fyp #foryou #polític";"Talíria Petrone";deputado;Governo;PSOL;152687;null;810600
TIKTOK;"https://www.tiktok.com/@cleitinho.oficial/video/7505928586914843909";"2025-05-18 20:16:34.000";"Chutei longe o boneco “bebê reborn” para mostrar a verdadeira realidade para o povo brasileiro!";Cleitinho;senador;Centro;REPUBLICANOS;139400;null;2000000
TIKTOK;"https://www.tiktok.com/@pedrocampospe/video/7509950738987076869";"2025-05-29 16:24:30.000";"O primeiro passo foi dado! ?? O projeto de lei que cria a CNH Social foi APROVADO aqui na Câmara.  Agora vamos para a segunda etapa dessa luta: priorizar os entregadores de aplicativos que usam bicicleta. ";"Pedro Campos";deputado;Governo;PSB;133235;null;1300000
TIKTOK;"https://www.tiktok.com/@carol_detoni/video/7509532333611994374";"2025-05-28 13:20:55.000";"Não tem comparação. Michelle serviu ao Brasil. Janja usa o Brasil para se servir. E não adianta virem com o mimimi de que estamos “oprimindo” a atuação da deslumbrada. Que atuação é essa, nas costas do povo? Quebra de protocolos, falas desastrosas, gastança desenfreada, viagens de luxo, eventos exclusivos… Janja segue fazendo um papelão, tratando a estrutura pública como se fosse camarim particular. Enquanto Janja gasta, o povo paga a conta. Já tivemos uma primeira-dama de verdade que dedicou os quatro anos de governo a dar visibilidade aos invisíveis, sem jamais envergonhar o país. A diferença salta aos olhos.";"Caroline de Toni";deputado;"Oposição";PL;130590;null;876200
TIKTOK;"https://www.tiktok.com/@sargentofahur.oficial/video/7501095057244654903";"2025-05-05 19:40:01.000";"Fácil Assim Senhor Governador Da Bahia… #sargentofahur #fyp #noticias #brasil???? ";"Sargento Fahur";deputado;Centro;PSD;127286;null;1500000
TIKTOK;"https://www.tiktok.com/@carlosjordydep/video/7514074013614951685";"2025-06-09 19:04:55.000";"Advogado mostrou áudio de Mauro Cid em que ele relata que o Presidente Bolsonaro descartou qualquer tentativa de golpe ou ação contundente contra lula. E ainda querem sustentar essa tese fraudulenta!";"Carlos Jordy";deputado;"Oposição";PL;126797;null;1600000
TIKTOK;"https://www.tiktok.com/@kimkataguiri/video/7505797352502922502";"2025-05-18 11:47:16.000";"Nossa solução para os criminosos é cadeia ou vala. Por isso, estou propondo um plebiscito para uma nova Constituição que permita pena de morte e prisão perpétua.";"Kim Kataguiri";deputado;Centro;"UNIÃO";126520;null;617800
TIKTOK;"https://www.tiktok.com/@erikahiltonsp/video/7497314411963550982";"2025-04-25 15:09:05.000";"?? FIM DA ESCALA 6x1: PRÓXIMOS PASSOS A PEC pelo fim da escala 6x1 segue avançando, tanto nas ruas, com a força do @Movimento_VAT e do @RickAzzevedo, quanto na articulação do meu mandato com o Congresso e o Governo.  Bora entender o que já fizemos, e o que mais vem por aí? ???? ?? Em fevereiro, a PEC foi protocolada, com muito mais assinaturas que o necessário, em uma cerimônia com amplo apoio da base do governo e até mesmo de parlamentares de direita. ???? Em março, me reuni com a Ministra Gleisi Hoffmann para selar o apoio do Governo Lula à proposta. ??️ Desde então, meu mandato está articulando com as lideranças da Câmara e seu Presidente Hugo Motta para que ela seja pautada. ???? Isso envolve sua passagem pela Comissão de Constituição e Justiça e pela Comissão Especial que será montada para analisar a PEC antes dela poder ser votada. ??️ Para que ela seja pautada e passe tanto na CCJ quanto na Comissão Especial, é essencial que a população pressione os parlamentares. ???? E, no 1° de Maio, teremos uma oportunidade única para isso: os protestos do Dia do Trabalhador. ?? Eu, o Rick Azevedo e o Movimento Vida Além do Trabalho divulgaremos, nos próximos dias, os atos que vão rolar pelo Brasil todo. ???? E nós estaremos nas ruas, protestando com vocês, pelo fim dessa escala desumana. ?? Então fiquem ligados, porque em breve, teremos ainda mais novidades.";"Erika Hilton";deputado;Governo;PSOL;124858;null;348200
TIKTOK;"https://www.tiktok.com/@nikolasferreiradm/video/7514806990380535046";"2025-06-11 18:29:16.000";"Que pancada!!!";"Nikolas Ferreira";deputado;"Oposição";PL;121805;null;1100000
TIKTOK;"https://www.tiktok.com/@fabianocontarato/video/7509533358834060600";"2025-05-28 13:24:52.000";"“Se ponha no seu lugar!” Quem diz isso a uma ministra? Quem diz isso a uma mulher? A ministra Marina Silva foi submetida a uma sessão de tortura institucionalizada dentro do Senado Federal. Uma vergonha para este Parlamento, que descumpriu mais uma vez a missão de representar com altivez o Brasil. Temos que pedir perdão à ministra Marina Silva. Temos que pedir perdão a todas as mulheres.";"Fabiano Contarato";senador;Governo;PT;119168;null;676300
TIKTOK;"https://www.tiktok.com/@cleitinho.oficial/video/7498472592890678534";"2025-04-28 18:03:25.000";"Canalhas!Estão querendo mudar a cor da camisa da Seleção Brasileira pra vermelho pra usar na Copa do Mundo de 2026.Querendo acabar com uma tradição por pura ideologia e politicagem.Vou pra cima.";Cleitinho;senador;Centro;REPUBLICANOS;117500;null;984500
TIKTOK;"https://www.tiktok.com/@nikolasferreiradm/video/7496657610083470598";"2025-04-23 20:40:22.000";"E vai ter gnt defendendo ainda ????";"Nikolas Ferreira";deputado;"Oposição";PL;116174;null;1200000
TIKTOK;"https://www.tiktok.com/@edermauropa/video/7509961387964173573";"2025-05-29 17:05:49.000";"“Cada um escolhe o que quer ser.” Verdade! ?? #ForçaeHonra #MCpoze #ForaLula ";"Delegado Éder Mauro";deputado;"Oposição";PL;114640;null;1100000
TIKTOK;"https://www.tiktok.com/@carlosjordydep/video/7514747924295748869";"2025-06-11 14:40:11.000";"Haddad ficou chateado com verdades. Só falta agora querer cobrar imposto dessa pancada!";"Carlos Jordy";deputado;"Oposição";PL;106471;null;1300000
TIKTOK;"https://www.tiktok.com/@dep.alceumoreira/video/7499077847068314885";"2025-04-30 09:12:10.000";"Minha cobrança direta e reta ao ministro da Previdência para que o governo federal ressarça cada aposentado brasileiro imediatamente! #politicaltiktok #direitabrasil #foralula ";"Alceu Moreira";deputado;Centro;MDB;104082;null;1500000
TIKTOK;"https://www.tiktok.com/@erikahiltonsp/video/7494002542846758150";"2025-04-16 16:57:22.000";"Sim, é verdade. Fui classificada como do ""sexo masculino"" pelo governo dos EUA quando fui tirar meu visto para ir à Brazil Conference, na Universidade de Harvard e no MIT. Não me surpreende. Isso já está acontecendo nos documentos de pessoas trans dos EUA faz algumas semanas. Não me surpreende também o nível do ódio e a fixação dessa gente com pessoas trans. Afinal, os documentos que apresentei são retificados, e sou registrada como mulher inclusive na certidão de nascimento. Ou seja, estão ignorando documentos oficiais de outras nações soberanas, até mesmo de uma representante diplomática, para ir atrás de descobrir se a pessoa, em algum momento, teve um registro diferente. Mas, no fim do dia, sou uma cidadã brasileira, e tenho meus direitos garantidos e minha existência respeitada pela nossa própria constituição, legislação e jurisprudência. E, se a embaixada dos EUA tem algo a falar sobre mim, que falem baixo, dentro do prédio deles. Cercado, de todos os lados, pelo nosso Estado Democrático de Direito. O que me preocupa é um país estar ignorando documentos oficiais acerca da existência dos próprios cidadãos, e alterando-os conforme a narrativa e os desejos de retirada de direitos do Presidente da vez. Porque isso não vai parar em nós ou atingir apenas as pessoas trans, a lista de alvos dessa gente é imensa. Ela já estava sendo escrita quando o primeiro escravizado foi liberto, quando a primeira mulher votou, quando os trabalhadores exigiram o primeiro aumento de salário, quando os indígenas reivindicaram o direito ao próprio território, quando um latino tentou ter de volta um pouco do que lhe foi roubado. E essa lista de alvos continua crescendo, e faz parte de uma agenda política de ódio global, que também não para nos EUA. Mas, aqui no Brasil, é uma agenda política de ódio que já derrotamos uma vez. E derrotaremos quantas vezes forem necessárias.";"Erika Hilton";deputado;Governo;PSOL;101958;null;823600
TIKTOK;"https://www.tiktok.com/@nikolasferreiradm/video/7507035387739573560";"2025-05-21 19:51:27.000";"Todo o apoio as nossas polícias  ????";"Nikolas Ferreira";deputado;"Oposição";PL;92585;null;794400
TIKTOK;"https://www.tiktok.com/@cleitinho.oficial/video/7503637153541410053";"2025-05-12 16:04:36.000";"Urgente! Achei mais de 100 carretas dos Correios paradas no pátio e a sua mercadoria jogada as traças.";Cleitinho;senador;Centro;REPUBLICANOS;89842;null;918800
TIKTOK;"https://www.tiktok.com/@cleitinho.oficial/video/7508506120504364344";"2025-05-25 18:58:40.000";"Chutei uma carteira de trabalho, para mostrar que ser criminoso nesse país tem muito mais valor do que um trabalhador.";Cleitinho;senador;Centro;REPUBLICANOS;89633;null;1200000
TIKTOK;"https://www.tiktok.com/@cleitinho.oficial/video/7499227137497435447";"2025-04-30 18:51:30.000";"Vesti a camisa vermelha da seleção brasileira, e fui na porta do inss pra mostrar para o povo brasileiro que que quem está no vermelho são os aposentados, que foram roubados em 6 bilhões de reais!";Cleitinho;senador;Centro;REPUBLICANOS;88654;null;1200000
TIKTOK;"https://www.tiktok.com/@gusgayer/video/7492146935969680695";"2025-04-11 16:56:38.000";"O Brasil ama esse cara não tem jeito! @bolsonaromessiasjair";"Gustavo Gayer";deputado;"Oposição";PL;87696;null;632900
TIKTOK;"https://www.tiktok.com/@delegadopalumbooficial/video/7516524445679308088";"2025-06-16 09:33:51.000";" - ";"Delegado Palumbo";deputado;Centro;MDB;85316;null;1400000
TIKTOK;"https://www.tiktok.com/@celiostudart/video/7510684268926897464";"2025-05-31 15:50:58.000";"Resgate emocionante! Ele ainda está muito debilitado, mas não vamos desistir! Vamos lutar por esse guerreiro com todas as nossas forças! #fyp #pet #dog #animais #celiostudart ";"Célio Studart";deputado;Centro;PSD;83937;null;1800000
TIKTOK;"https://www.tiktok.com/@sergiomoro_/video/7499207528413170950";"2025-04-30 17:35:23.000";"No roubo dos aposentados do INSS, a cada dia tem uma novidade. No Governo Lula, a corrupção voltou. Semana que vem, o Lupi, se ainda for ministro, vai ser cobrado pela comissão de fiscalização do Senado. #inss #fraude #corrupção #foralula ";"Sergio Moro";senador;Centro;"UNIÃO";83310;null;755800
TIKTOK;"https://www.tiktok.com/@sergiomoro_/video/7494268387233647878";"2025-04-17 10:09:00.000";"O Brasil, de exemplo no combate à corrupção na época da Lava Jato, está se transformando, sob Lula, no refúgio dos corruptos latino-americanos. #peru #brasil???? #foralula #direita #lavajato ";"Sergio Moro";senador;Centro;"UNIÃO";80531;null;801300
TIKTOK;"https://www.tiktok.com/@damaresalvesoficial/video/7506629682607983928";"2025-05-20 17:37:07.000";"Não é filme, é o Brasil real: enquanto aposentados lutam pra sobreviver com um salário mínimo, o “Careca do INSS” escondia uma frota de carrões de luxo no prédio onde mantenho meu escritório. Recebi a denúncia, fui pessoalmente e confirmei: é um escândalo! Parece “Velozes e Fraudulentos” com dinheiro dos mais pobres. Estou indignada! Só vou parar quando os mais de R$ 6 bilhões forem devolvidos ao povo. Justiça já!  #INSS #Corrupção #DamaresAlves";"Damares Alves";senador;Centro;REPUBLICANOS;78880;null;527900
TIKTOK;"https://www.tiktok.com/@kimkataguiri/video/7509677582841892101";"2025-05-28 22:44:34.000";"ACABA DE ACONTECER O MAIOR ABSURDO QUE JÁ VI NA CÂMARA DOS DEPUTADOS. PODE FECHAR O CONGRESSO E ENTREGAR A CHAVE PRO PT.";"Kim Kataguiri";deputado;Centro;"UNIÃO";78244;null;648000
TIKTOK;"https://www.tiktok.com/@tiriricanaweb/video/7492793092303506694";"2025-04-13 10:44:04.000";"Quando a família chama pra almoçar fora???? #tiririca #explore #humor ";Tiririca;deputado;"Oposição";PL;76859;null;1300000
TIKTOK;"https://www.tiktok.com/@damaresalvesoficial/video/7506262006438055173";"2025-05-19 19:05:00.000";"Lula vetou na lei que cria o Cadastro Nacional de Pedófilos a permanência do nome do criminoso após o cumprimento da sentença. Pera aí, essa era uma parte crucial desse projeto, para proteger as crianças e alertar as famílias. Teremos sessão conjunta do Congresso dia 27 e esperamos derrubar esse veto.";"Damares Alves";senador;Centro;REPUBLICANOS;76740;null;475900
TIKTOK;"https://www.tiktok.com/@mauriciobmarcon/video/7496646654112681271";"2025-04-23 19:57:54.000";"Surge o nome para substituir Lula";"Mauricio Marcon";deputado;Centro;PODEMOS;75835;null;752800
TIKTOK;"https://www.tiktok.com/@carlazambelli22/video/7500540529894001926";"2025-05-04 07:48:06.000";"Que exemplo lindo! ???? Senhoras e senhores, isso é um homem sendo forjado e tendo sua identidade firmada! Tudo precisa passar pelo fogo antes de ficar mais forte. Este menino tem a sorte grande em receber tanto amor, carinho e sabedoria vindo de seus pais ?? #repost @metropoles ?? Inscreva-se no meu canal do Youtube: LINK NA BIO";"Carla Zambelli";deputado;"Oposição";PL;74990;null;995100
TIKTOK;"https://www.tiktok.com/@sergiomoro_/video/7497390678855388422";"2025-04-25 20:05:03.000";"Collor preso em desdobramento da Lava Jato. As perguntas óbvias são por que só agora, por que demorou tanto e principalmente por que os demais ladrões da Petrobras foram liberados por alguns Ministros do STF e não estão mais presos? E quem, durante os Governos do PT, entregou a BR Distribuidora para o controle do Collor? #foralula #povobrasileiro #lavajato #collor #corrupção #petrobras ";"Sergio Moro";senador;Centro;"UNIÃO";72399;null;962900
TIKTOK;"https://www.tiktok.com/@delegadopalumbooficial/video/7504379733593918726";"2025-05-14 16:06:10.000";" - ";"Delegado Palumbo";deputado;Centro;MDB;71332;null;1100000
TIKTOK;"https://www.tiktok.com/@damaresalvesoficial/video/7506908828911389958";"2025-05-21 11:40:18.000";"Estou lutando muito aqui no Congresso para que possamos agravar a pena de quem armazena pornografia infantil. Ele não pode ser liberado para responder em liberdade, tem que ficar preso. E por muito tempo. Se tem procura, tem oferta. Vamos fechar o cerco contra esses criminosos.";"Damares Alves";senador;Centro;REPUBLICANOS;71077;null;389500
TIKTOK;"https://www.tiktok.com/@sargentogoncalves22/video/7514340264945782022";"2025-06-10 12:18:07.000";"Tá melhor que NETFLIX ??????";"Sargento Gonçalves";deputado;"Oposição";PL;70867;null;439000
